tree
version=v4
num_class=1
num_tree_per_iteration=1
label_index=0
max_feature_idx=7
objective=regression
feature_names=Column_0 Column_1 Column_2 Column_3 Column_4 Column_5 Column_6 Column_7
feature_infos=[6267:15576] [6267:15576] [6359.25:15093] [6401.0666666666666:14877.799999999999] [2299.199951171875:5318.39990234375] [83.093399047851562:95.70989990234375] [0:1] [0:6]
tree_sizes=679 700 678 681 679 673 694 678 678 667 674 675 690 690 603 689 614 677 690 614 606 691 706 689 682 679 694 676 681 668 695 665 867 693 853 619 620 679 620 620 689 791 623 856 624 1129 624 947 624 1134 683 604 1126 803 680 1140 696 681 698 622 1118 681 696 943 687 656 861 944 696 623 928 681 698 942 946 697 696 670 805 689 695 685 669 949 620 670 624 682 1138 692 803 861 682 701 1234 687 627 695 801 676 688 874 688 686 691 875 678 871 627 700 679 932 704 624 686 800 927 964 781 1107 698 689 747 862 673 703 870 933 686 877 696 846 1159 854 683 1224 868 938 754 689 696 882 625 1130 781 884 1146 759 686 928 898 623 684 690 1005 680 765 709 674 956 798 697 702 803 715 883 694 887 769 701 715 613 806 1048 671 686 673 1230 959 701 626 716 1229 626 779 613 896 853 720 875 1225 872 687 851 606 853 1229 1288 886 887

Tree=0
num_leaves=6
num_cat=0
split_feature=0 3 1 3 1
split_gain=1.36836e+06 569730 234858 664229 76908.4
threshold=15104.000000000002 14778.114718614719 12813.000000000002 13793.650000000001 12467.500000000002
decision_type=2 2 2 2 2
left_child=1 2 4 -4 -1
right_child=-2 -3 3 -5 -6
leaf_value=17.157238153004936 -6.6622613831238588 2.0710719184203299 30.377482311768439 18.027539542985 12.476627685903512
leaf_weight=353 5.9999999999999991 5.9999999999999991 12.999999999999998 67 8.9999999999999982
leaf_count=353 6 6 13 67 9
internal_value=17.0573 17.3749 17.5827 20.0344 17.0409
internal_weight=454 448 442 80 362
internal_count=454 448 442 80 362
is_linear=0
shrinkage=1


Tree=1
num_leaves=6
num_cat=0
split_feature=0 3 1 3 1
split_gain=1.23495e+06 514182 211959 599467 69409.8
threshold=15104.000000000002 14778.114718614719 12813.000000000002 13793.650000000001 12467.500000000002
decision_type=2 2 2 2 2
left_child=1 2 4 -4 -1
right_child=-2 -3 3 -5 -6
leaf_value=0.094970913117397956 -22.533553822835287 -14.236886819203697 12.654202684989343 0.92175745305730339 -4.3516091664632164
leaf_weight=353 5.9999999999999991 5.9999999999999991 12.999999999999998 67 8.9999999999999982
leaf_count=353 6 6 13 67 9
internal_value=-2.14984e-08 0.301789 0.499146 2.82828 -0.0155794
internal_weight=454 448 442 80 362
internal_count=454 448 442 80 362
is_linear=0
shrinkage=0.05


Tree=2
num_leaves=6
num_cat=0
split_feature=4 3 5 4 1
split_gain=736700 460378 271305 282555 257698
threshold=5205.5500488281259 14778.114718614719 88.661548614501967 4087.650024414063 13943.000000000002
decision_type=2 2 2 2 2
left_child=1 2 3 -1 -4
right_child=-2 -3 4 -5 -6
leaf_value=-0.13627716114123664 -17.404066435496013 -11.653834259510042 3.9894428264393529 -10.298324530465264 -0.59325340191523235
leaf_weight=300 5.9999999999999991 7.9999999999999991 85 6.9999999999999991 48
leaf_count=300 6 8 85 7 48
internal_value=-3.47781e-08 0.23309 0.449216 -0.367985 2.33554
internal_weight=454 448 440 307 133
internal_count=454 448 440 307 133
is_linear=0
shrinkage=0.05


Tree=3
num_leaves=6
num_cat=0
split_feature=0 1 5 4 1
split_gain=1.06367e+06 180278 244235 292782 227197
threshold=15104.000000000002 15001.500000000002 88.614250183105483 4087.650024414063 13943.000000000002
decision_type=2 2 2 2 2
left_child=1 2 3 -1 -4
right_child=-2 -3 4 -5 -6
leaf_value=-0.14203820148820445 -20.912690353393558 -6.7250092400444892 3.6924798215654762 -11.297694110870362 -0.613264863288149
leaf_weight=298 5.9999999999999991 8.9999999999999982 88 5.9999999999999991 47
leaf_count=298 6 9 88 6 47
internal_value=3.81883e-09 0.280081 0.423693 -0.362216 2.19344
internal_weight=454 448 439 304 135
internal_count=454 448 439 304 135
is_linear=0
shrinkage=0.05


Tree=4
num_leaves=6
num_cat=0
split_feature=0 3 5 1 0
split_gain=959967 409466 241891 179739 172058
threshold=15104.000000000002 14778.114718614719 88.661548614501967 13943.000000000002 11591.500000000002
decision_type=2 2 2 2 2
left_child=1 2 4 -4 -1
right_child=-2 -3 3 -5 -6
leaf_value=-0.18114893214456393 -19.867055638631186 -12.707962741454443 3.6053466033935551 -0.17266643142700197 -9.5328094673156745
leaf_weight=302 5.9999999999999991 5.9999999999999991 85 50 4.9999999999999991
leaf_count=302 6 6 85 50 5
internal_value=1.01153e-08 0.266077 0.442195 2.20608 -0.333456
internal_weight=454 448 442 135 307
internal_count=454 448 442 135 307
is_linear=0
shrinkage=0.05


Tree=5
num_leaves=6
num_cat=0
split_feature=0 1 2 5 5
split_gain=866370 148339 215015 170107 116307
threshold=15104.000000000002 15001.500000000002 14467.400000000001 91.517650604248061 88.614250183105483
decision_type=2 2 2 2 2
left_child=1 2 4 -4 -1
right_child=-2 -3 3 -5 -6
leaf_value=-0.32735690308342641 -18.873702494303384 -6.1015631781684032 1.9525661877223428 14.027575759887695 1.4948530898830756
leaf_weight=304 5.9999999999999991 8.9999999999999982 6.9999999999999982 5 123
leaf_count=304 6 9 7 5 123
internal_value=-2.1889e-08 0.252773 0.383044 6.98382 0.197542
internal_weight=454 448 439 12 427
internal_count=454 448 439 12 427
is_linear=0
shrinkage=0.05


Tree=6
num_leaves=6
num_cat=0
split_feature=0 3 1 3 1
split_gain=781899 364364 170481 502973 82169.8
threshold=15104.000000000002 14778.114718614719 12813.000000000002 13793.650000000001 12467.500000000002
decision_type=2 2 2 2 2
left_child=1 2 4 -4 -1
right_child=-2 -3 3 -5 -6
leaf_value=0.064929595589637762 -17.930017852783205 -11.998532734314601 11.495543267176702 0.74876563504560678 -4.7731349415249298
leaf_weight=353 5.9999999999999991 5.9999999999999991 12.999999999999998 67 8.9999999999999982
leaf_count=353 6 6 13 67 9
internal_value=-2.36384e-08 0.240134 0.40627 2.49512 -0.0553538
internal_weight=454 448 442 80 362
internal_count=454 448 442 80 362
is_linear=0
shrinkage=0.05


Tree=7
num_leaves=6
num_cat=0
split_feature=4 3 5 4 1
split_gain=583933 272846 187000 215776 173328
threshold=5205.5500488281259 14778.114718614719 88.661548614501967 4087.650024414063 13943.000000000002
decision_type=2 2 2 2 2
left_child=1 2 3 -1 -4
right_child=-2 -3 4 -5 -6
leaf_value=-0.10206815250714621 -15.494833358128867 -8.9435405969619755 3.2963688895281624 -8.9824454988752098 -0.46200983705930415
leaf_weight=300 5.9999999999999991 7.9999999999999991 85 6.9999999999999991 48
leaf_count=300 6 8 85 7 48
internal_value=-1.26381e-08 0.20752 0.373903 -0.304552 1.93996
internal_weight=454 448 440 307 133
internal_count=454 448 440 307 133
is_linear=0
shrinkage=0.05


Tree=8
num_leaves=6
num_cat=0
split_feature=0 3 5 4 5
split_gain=671697 303728 177254 224299 154627
threshold=15104.000000000002 14778.114718614719 88.614250183105483 4087.650024414063 93.43555068969728
decision_type=2 2 2 2 2
left_child=1 2 3 -1 -4
right_child=-2 -3 4 -5 -6
leaf_value=-0.10765405050260109 -16.618509793281557 -10.951428985595705 2.7986611278284168 -9.8718556642532356 -1.1250824148004706
leaf_weight=298 5.9999999999999991 5.9999999999999991 105 5.9999999999999991 33
leaf_count=298 6 6 105 6 33
internal_value=5.51212e-08 0.222569 0.374253 -0.300369 1.86037
internal_weight=454 448 442 304 138
internal_count=454 448 442 304 138
is_linear=0
shrinkage=0.05


Tree=9
num_leaves=6
num_cat=0
split_feature=2 3 5 1 2
split_gain=289692 292572 142429 169389 113835
threshold=15018.6 14778.114718614719 88.661548614501967 13943.000000000002 11541.450000000003
decision_type=2 2 2 2 2
left_child=1 2 4 -4 -1
right_child=-2 -3 3 -5 -6
leaf_value=-0.11833239927339714 -8.8811410771475892 -11.847106285095215 3.0239305518655217 -0.69148809735973682 -6.161935961246491
leaf_weight=299 8.9999999999999982 4.9999999999999991 85 48 7.9999999999999991
leaf_count=299 9 5 85 48 8
internal_value=-1.75269e-08 0.179619 0.316286 1.68303 -0.27582
internal_weight=454 445 440 133 307
internal_count=454 445 440 133 307
is_linear=0
shrinkage=0.05


Tree=10
num_leaves=6
num_cat=0
split_feature=4 3 1 7 4
split_gain=497146 184874 176065 195972 148060
threshold=5205.5500488281259 14778.114718614719 14637.000000000002 1.5000000000000002 4788.8000488281259
decision_type=2 2 2 2 2
left_child=1 2 4 -4 -1
right_child=-2 -3 3 -5 -6
leaf_value=-0.062788508314233604 -14.29708928267161 -7.3412103414535528 12.666856829325361 -0.73615249633789048 3.9023359155654909
leaf_weight=404 5.9999999999999991 7.9999999999999991 5.9999999999999982 5 25
leaf_count=404 6 8 6 5 25
internal_value=1.31452e-09 0.191479 0.328437 6.57458 0.168279
internal_weight=454 448 440 11 429
internal_count=454 448 440 11 429
is_linear=0
shrinkage=0.05


Tree=11
num_leaves=6
num_cat=0
split_feature=4 3 1 7 4
split_gain=448675 166849 158898 176864 133624
threshold=5205.5500488281259 14778.114718614719 14637.000000000002 1.5000000000000002 4788.8000488281259
decision_type=2 2 2 2 2
left_child=1 2 4 -4 -1
right_child=-2 -3 3 -5 -6
leaf_value=-0.059649054877607549 -13.582234626511733 -6.9741498544812206 12.033514646689099 -0.69934494018554672 3.7072192020416264
leaf_weight=404 5.9999999999999991 7.9999999999999991 5.9999999999999982 5 25
leaf_count=404 6 8 6 5 25
internal_value=4.06713e-08 0.181905 0.312015 6.24585 0.159865
internal_weight=454 448 440 11 429
internal_count=454 448 440 11 429
is_linear=0
shrinkage=0.05


Tree=12
num_leaves=6
num_cat=0
split_feature=0 3 1 4 1
split_gain=540928 211308 160294 241373 170749
threshold=15104.000000000002 14778.114718614719 14377.000000000002 4896.8000488281259 14024.500000000002
decision_type=2 2 2 2 2
left_child=1 2 4 -4 -1
right_child=-2 -3 3 -5 -6
leaf_value=0.41201060726484173 -14.913346449534098 -9.1204506834348038 14.31700393676757 1.2413578291734062 -3.5007576942443848
leaf_weight=395 5.9999999999999991 5.9999999999999991 5.0000000000000027 11.999999999999998 30
leaf_count=395 6 6 5 12 30
internal_value=-2.22943e-08 0.199732 0.326251 5.08714 0.135815
internal_weight=454 448 442 17 425
internal_count=454 448 442 17 425
is_linear=0
shrinkage=0.05


Tree=13
num_leaves=6
num_cat=0
split_feature=4 3 1 1 7
split_gain=391603 127964 133771 161527 117188
threshold=5205.5500488281259 14778.114718614719 14377.000000000002 13943.000000000002 1.5000000000000002
decision_type=2 2 2 2 2
left_child=1 2 3 -1 -4
right_child=-2 -3 4 -5 -6
leaf_value=0.39336157920105119 -12.689035344123841 -6.0970085829496385 9.0509205669164654 -3.3011516004800798 0.49275326728820801
leaf_weight=392 5.9999999999999991 7.9999999999999991 7.9999999999999991 32 7.9999999999999991
leaf_count=392 6 8 8 32 8
internal_value=-4.89703e-09 0.169942 0.283887 0.11453 4.77184
internal_weight=454 448 440 424 16
internal_count=454 448 440 424 16
is_linear=0
shrinkage=0.05


Tree=14
num_leaves=5
num_cat=0
split_feature=0 0 1 5
split_gain=472223 123612 184018 107005
threshold=15104.000000000002 14958.000000000002 15027.500000000002 88.614250183105483
decision_type=2 2 2 2
left_child=1 2 3 -1
right_child=-2 -3 -4 -5
leaf_value=-0.30662216519887903 -13.934108797709147 7.3151072502136234 -8.6069012959798172 1.3982467198913748
leaf_weight=304 5.9999999999999991 5.9999999999999991 5.9999999999999991 132
leaf_count=304 6 6 6 132
internal_value=2.58686e-08 0.186618 0.0898507 0.209531
internal_weight=454 448 442 436
internal_count=454 448 442 436
is_linear=0
shrinkage=0.05


Tree=15
num_leaves=6
num_cat=0
split_feature=0 3 2 1 1
split_gain=426182 175313 162899 122451 88689.3
threshold=15104.000000000002 14778.114718614719 14467.400000000001 14377.000000000002 14806.500000000002
decision_type=2 2 2 2 2
left_child=1 2 3 -1 -4
right_child=-2 -3 4 -5 -6
leaf_value=0.0098692685188703482 -13.237403551737467 -8.3120449781417847 9.0463021516799937 6.677686527797154 1.0045809268951416
leaf_weight=421 5.9999999999999991 5.9999999999999991 7.9999999999999982 6.9999999999999991 6
leaf_count=421 6 6 8 7 6
internal_value=-4.55142e-08 0.177287 0.292526 0.118922 5.59985
internal_weight=454 448 442 428 14
internal_count=454 448 442 428 14
is_linear=0
shrinkage=0.05


Tree=16
num_leaves=5
num_cat=0
split_feature=0 0 1 2
split_gain=384629 106198 165389 119906
threshold=15104.000000000002 14958.000000000002 15027.500000000002 14467.400000000001
decision_type=2 2 2 2
left_child=1 2 3 -1
right_child=-2 -3 -4 -5
leaf_value=0.078827997345790699 -12.57553316752116 6.7757183074951177 -8.1660597483317066 6.257109522819519
leaf_weight=428 5.9999999999999991 5.9999999999999991 5.9999999999999991 7.9999999999999991
leaf_count=428 6 6 6 8
internal_value=2.51022e-08 0.168422 0.0787305 0.192191
internal_weight=454 448 442 436
internal_count=454 448 442 436
is_linear=0
shrinkage=0.05


Tree=17
num_leaves=6
num_cat=0
split_feature=4 3 4 5 1
split_gain=346472 98306.6 131663 226940 79522
threshold=5205.5500488281259 14824.560606060608 4788.8000488281259 90.756301879882827 13943.000000000002
decision_type=2 2 2 2 2
left_child=1 2 4 -4 -1
right_child=-2 -3 3 -5 -6
leaf_value=0.16818325734497366 -11.935468641916913 -6.8118586921691904 -3.1843479061126709 5.7279403533935556 -2.6895740949190579
leaf_weight=382 5.9999999999999991 4.9999999999999991 9.9999999999999982 25 26
leaf_count=382 6 5 10 25 26
internal_value=5.06443e-09 0.15985 0.238537 3.18157 -0.0139287
internal_weight=454 448 443 35 408
internal_count=454 448 443 35 408
is_linear=0
shrinkage=0.05


Tree=18
num_leaves=6
num_cat=0
split_feature=0 3 2 1 1
split_gain=342602 145090 138663 115826 79551.9
threshold=15104.000000000002 14778.114718614719 14467.400000000001 14377.000000000002 14806.500000000002
decision_type=2 2 2 2 2
left_child=1 2 3 -1 -4
right_child=-2 -3 4 -5 -6
leaf_value=-0.002440397572347501 -11.868617534637451 -7.5640217145284012 8.4245108842849756 6.4824755532400946 0.80830610593159991
leaf_weight=421 5.9999999999999991 5.9999999999999991 7.9999999999999982 6.9999999999999991 6
leaf_count=421 6 6 8 7 6
internal_value=2.13868e-08 0.158955 0.263792 0.103621 5.16042
internal_weight=454 448 442 428 14
internal_count=454 448 442 428 14
is_linear=0
shrinkage=0.05


Tree=19
num_leaves=5
num_cat=0
split_feature=4 0 1 2
split_gain=313769 79683.5 145722 141986
threshold=5205.5500488281259 14958.000000000002 15027.500000000002 14467.400000000001
decision_type=2 2 2 2
left_child=1 2 3 -1
right_child=-2 -3 -4 -5
leaf_value=0.066013407968332841 -11.358233610788982 4.809333907233345 -7.6820652008056642 8.540809535980225
leaf_weight=428 5.9999999999999991 8.9999999999999982 5.9999999999999991 4.9999999999999991
leaf_count=428 6 9 6 5
internal_value=-3.1148e-09 0.152119 0.056641 0.163875
internal_weight=454 448 439 433
internal_count=454 448 439 433
is_linear=0
shrinkage=0.05


Tree=20
num_leaves=5
num_cat=0
split_feature=0 0 1 5
split_gain=307610 87130.4 132059 91799.4
threshold=15104.000000000002 14958.000000000002 15027.500000000002 88.614250183105483
decision_type=2 2 2 2
left_child=1 2 3 -1
right_child=-2 -3 -4 -5
leaf_value=-0.30731380169132821 -11.246194140116375 6.1354407946268719 -7.2979618072509771 1.2717853493311191
leaf_weight=304 5.9999999999999991 5.9999999999999991 5.9999999999999991 132
leaf_count=304 6 6 6 132
internal_value=-4.51958e-08 0.150619 0.0693767 0.170762
internal_weight=454 448 442 436
internal_count=454 448 442 436
is_linear=0
shrinkage=0.05


Tree=21
num_leaves=6
num_cat=0
split_feature=4 4 3 1 5
split_gain=277718 77224.9 159087 228822 34932.8
threshold=5205.5500488281259 5079.8000488281259 14706.928571428574 14377.000000000002 91.747497558593764
decision_type=2 2 2 2 2
left_child=1 2 3 -1 -3
right_child=-2 4 -4 -5 -6
leaf_value=-0.012195728892668409 -10.685809135437012 7.4428808975219738 -7.433287702287946 7.6405438327789312 1.5324867248535154
leaf_weight=421 5.9999999999999991 4.9999999999999982 6.9999999999999991 9.9999999999999982 5
leaf_count=421 6 5 7 10 5
internal_value=1.28793e-08 0.143114 0.0439224 0.165362 4.48768
internal_weight=454 448 438 431 10
internal_count=454 448 438 431 10
is_linear=0
shrinkage=0.05


Tree=22
num_leaves=6
num_cat=0
split_feature=0 3 2 4 3
split_gain=276224 115899 119790 159193 82962.4
threshold=15104.000000000002 14778.114718614719 14467.400000000001 5118.0000000000009 14354.915476190477
decision_type=2 2 2 2 2
left_child=1 2 4 -4 -1
right_child=-2 -3 3 -5 -6
leaf_value=-0.01446847954058135 -10.657024383544922 -6.75976373354594 11.940903549194337 0.81359761555989596 4.8373459074232317
leaf_weight=419 5.9999999999999991 5.9999999999999991 4.9999999999999991 8.9999999999999982 8.9999999999999982
leaf_count=419 6 6 5 9 9
internal_value=-2.68221e-08 0.142728 0.236427 4.78764 0.0875557
internal_weight=454 448 442 14 428
internal_count=454 448 442 14 428
is_linear=0
shrinkage=0.05


Tree=23
num_leaves=6
num_cat=0
split_feature=0 3 2 1 1
split_gain=249292 104599 108110 95576.1 70819
threshold=15104.000000000002 14778.114718614719 14467.400000000001 14377.000000000002 14806.500000000002
decision_type=2 2 2 2 2
left_child=1 2 3 -1 -4
right_child=-2 -3 4 -5 -6
leaf_value=-0.01316741409041253 -10.124172465006511 -6.4217756191889457 7.6279749274253863 5.8776610238211502 0.44195849100748696
leaf_weight=421 5.9999999999999991 5.9999999999999991 7.9999999999999982 6.9999999999999991 6
leaf_count=421 6 6 8 7 6
internal_value=1.69493e-08 0.135592 0.224606 0.0831779 4.54825
internal_weight=454 448 442 428 14
internal_count=454 448 442 428 14
is_linear=0
shrinkage=0.05


Tree=24
num_leaves=6
num_cat=0
split_feature=0 3 5 1 2
split_gain=224986 94400.3 98670.1 139584 122622
threshold=15104.000000000002 14778.114718614719 88.614250183105483 13943.000000000002 11541.450000000003
decision_type=2 2 2 2 2
left_child=1 2 4 -4 -1
right_child=-2 -3 3 -5 -6
leaf_value=-0.13579040878148194 -9.6179641087849941 -6.1006869594256088 2.5208125224167652 -0.78745642852783204 -6.8309992653982974
leaf_weight=297 5.9999999999999991 5.9999999999999991 88 50 6.9999999999999991
leaf_count=297 6 6 88 50 7
internal_value=6.13902e-08 0.128812 0.213375 1.32216 -0.289956
internal_weight=454 448 442 138 304
internal_count=454 448 442 138 304
is_linear=0
shrinkage=0.05


Tree=25
num_leaves=6
num_cat=0
split_feature=0 0 1 1 5
split_gain=203050 71800.3 112760 369472 113674
threshold=15104.000000000002 14958.000000000002 14024.500000000002 12813.000000000002 94.181598663330092
decision_type=2 2 2 2 2
left_child=1 2 3 -1 -4
right_child=-2 -3 4 -5 -6
leaf_value=-0.13760614154335546 -9.1370663007100426 5.5552468508481985 -0.82674305643354151 5.3888695644609861 -6.4660280148188285
leaf_weight=362 5.9999999999999991 5.9999999999999991 35 33 11.999999999999998
leaf_count=362 6 6 35 33 12
internal_value=2.76131e-08 0.122371 0.048622 0.324099 -2.26656
internal_weight=454 448 442 395 47
internal_count=454 448 442 395 47
is_linear=0
shrinkage=0.05


Tree=26
num_leaves=6
num_cat=0
split_feature=0 3 2 1 1
split_gain=183252 85361.2 94143.6 89261.6 61840.3
threshold=15104.000000000002 14778.114718614719 14467.400000000001 14377.000000000002 14806.500000000002
decision_type=2 2 2 2 2
left_child=1 2 3 -1 -4
right_child=-2 -3 4 -5 -6
leaf_value=-0.028418988884911119 -8.6802126566569022 -5.8074985822041834 7.1092520833015458 5.664487729753767 0.39420401255289711
leaf_weight=421 5.9999999999999991 5.9999999999999991 7.9999999999999982 6.9999999999999991 6
leaf_count=421 6 6 8 7 6
internal_value=-1.52064e-08 0.116253 0.196666 0.0646893 4.23137
internal_weight=454 448 442 428 14
internal_count=454 448 442 428 14
is_linear=0
shrinkage=0.05


Tree=27
num_leaves=6
num_cat=0
split_feature=0 3 5 5 2
split_gain=165385 77038.5 86370.7 289255 207540
threshold=15104.000000000002 14778.114718614719 90.756301879882827 91.747497558593764 14177.500000000002
decision_type=2 2 2 2 2
left_child=1 2 4 -4 -1
right_child=-2 -3 3 -5 -6
leaf_value=0.060824773777021127 -8.2462014834086101 -5.517123796542486 7.0635357856750494 -0.1837183909416199 -8.0802935838699348
leaf_weight=365 5.9999999999999991 5.9999999999999991 19 50 7.9999999999999991
leaf_count=365 6 6 19 50 8
internal_value=5.41562e-09 0.11044 0.186832 1.8119 -0.113784
internal_weight=454 448 442 69 373
internal_count=454 448 442 69 373
is_linear=0
shrinkage=0.05


Tree=28
num_leaves=6
num_cat=0
split_feature=4 0 1 1 5
split_gain=238356 113615 95776.2 361252 115753
threshold=5205.5500488281259 15027.500000000002 13943.000000000002 12813.000000000002 94.181598663330092
decision_type=2 2 2 2 2
left_child=1 2 3 -1 -4
right_child=-2 -3 4 -5 -6
leaf_value=-0.13428060537132111 -9.8996180216471359 6.9667400836944582 -0.59502565087498849 5.5752838134765632 -6.0796711811652555
leaf_weight=362 5.9999999999999991 5.9999999999999991 37 30 12.999999999999998
leaf_count=362 6 6 37 30 13
internal_value=-1.49898e-08 0.132584 0.0398128 0.302676 -2.02103
internal_weight=454 448 442 392 50
internal_count=454 448 442 392 50
is_linear=0
shrinkage=0.05


Tree=29
num_leaves=6
num_cat=0
split_feature=4 0 0 2 5
split_gain=215116 102538 65392.7 181121 112618
threshold=5205.5500488281259 15027.500000000002 14065.000000000002 13187.1 90.607097625732436
decision_type=2 2 2 2 2
left_child=1 2 3 -1 -4
right_child=-2 -3 4 -5 -6
leaf_value=-0.085953362144857326 -9.40463670094808 6.6184029579162598 -8.8560041809082044 3.7300265098319336 -0.88555018259928786
leaf_weight=364 5.9999999999999991 5.9999999999999991 4.9999999999999991 34 39
leaf_count=364 6 6 5 34 39
internal_value=-6.54305e-09 0.125955 0.0378222 0.240035 -1.79128
internal_weight=454 448 442 398 44
internal_count=454 448 442 398 44
is_linear=0
shrinkage=0.05


Tree=30
num_leaves=6
num_cat=0
split_feature=0 3 2 3 5
split_gain=154298 68650.6 86416.3 60904.4 55183.9
threshold=15104.000000000002 14778.114718614719 14467.400000000001 14354.915476190477 91.517650604248061
decision_type=2 2 2 2 2
left_child=1 2 3 -1 -4
right_child=-2 -3 4 -5 -6
leaf_value=-0.035071603527074779 -7.9649921417236333 -5.2057018637657171 0.90521576745169519 4.1220038096110025 7.1835171835763107
leaf_weight=419 5.9999999999999991 5.9999999999999991 6.9999999999999982 8.9999999999999982 7
leaf_count=419 6 6 7 9 7
internal_value=-2.13014e-09 0.106674 0.178788 0.0523435 4.04437
internal_weight=454 448 442 428 14
internal_count=454 448 442 428 14
is_linear=0
shrinkage=0.05


Tree=31
num_leaves=6
num_cat=0
split_feature=4 0 0 2 5
split_gain=191964 98600.9 60338 160324 103264
threshold=5205.5500488281259 15027.500000000002 14065.000000000002 13187.1 91.747497558593764
decision_type=2 2 2 2 2
left_child=1 2 3 -1 -4
right_child=-2 -3 4 -5 -6
leaf_value=-0.079902115437089583 -8.8841481049855542 6.4855763753255209 1.4798931002616884 3.5103176632348232 -3.5554745950869155
leaf_weight=364 5.9999999999999991 5.9999999999999991 15.999999999999998 34 28
leaf_count=364 6 6 16 34 28
internal_value=2.41118e-09 0.118984 0.0325598 0.2268 -1.72443
internal_weight=454 448 442 398 44
internal_count=454 448 442 398 44
is_linear=0
shrinkage=0.05


Tree=32
num_leaves=8
num_cat=0
split_feature=4 5 2 1 5 5 1
split_gain=173248 65815.7 130707 68809.1 291250 160546 66732.9
threshold=5205.5500488281259 85.36209869384767 8980.5000000000018 13943.000000000002 94.558399200439467 94.181598663330092 9012.0000000000018
decision_type=2 2 2 2 2 2 2
left_child=1 2 6 4 -3 -5 -1
right_child=-2 3 -4 5 -6 -7 -8
leaf_value=-0.6743567456178482 -8.4399406433105479 0.61311517155072737 -7.998784065246582 0.41369493617567904 11.763817993799847 -5.9272981973794794 5.2112159729003906
leaf_weight=131 5.9999999999999991 244 5.9999999999999991 43 5.9999999999999991 12.999999999999998 4.9999999999999991
leaf_count=131 6 244 6 43 6 13 5
internal_value=2.96212e-08 0.113035 -0.776601 0.525873 0.880732 -1.05832 -0.457975
internal_weight=454 448 142 306 250 56 136
internal_count=454 448 142 306 250 56 136
is_linear=0
shrinkage=0.05


Tree=33
num_leaves=6
num_cat=0
split_feature=4 4 3 1 7
split_gain=156356 61100.3 90047.4 175652 45930.3
threshold=5205.5500488281259 5079.8000488281259 14706.928571428574 14377.000000000002 1.5000000000000002
decision_type=2 2 2 2 2
left_child=1 2 3 -1 -3
right_child=-2 4 -4 -5 -6
leaf_value=-0.045048486690906338 -8.0179437081019085 7.360444965362551 -5.6063095365251812 6.659873180389404 0.58325702667236323
leaf_weight=421 5.9999999999999991 4.9999999999999982 6.9999999999999991 9.9999999999999982 5
leaf_count=421 6 5 7 10 5
internal_value=-3.01962e-10 0.107383 0.0191533 0.110518 3.97185
internal_weight=454 448 438 431 10
internal_count=454 448 438 431 10
is_linear=0
shrinkage=0.05


Tree=34
num_leaves=8
num_cat=0
split_feature=0 5 0 1 1 5 1
split_gain=136841 58115.8 127426 71107.5 209892 127640 59388.1
threshold=15104.000000000002 85.36209869384767 8972.5000000000018 14024.500000000002 12813.000000000002 94.181598663330092 9012.0000000000018
decision_type=2 2 2 2 2 2 2
left_child=1 2 6 4 -3 -5 -1
right_child=-2 3 -4 5 -6 -7 -8
leaf_value=-0.60012167969575303 -7.5009082158406573 0.27948325873775914 -7.3131957326616561 0.15057812304031559 4.5556987025521023 -5.7124142358700434 4.9529075622558594
leaf_weight=130 5.9999999999999991 220 6.9999999999999991 41 33 11.999999999999998 4.9999999999999991
leaf_count=130 6 220 7 41 33 12 5
internal_value=1.39821e-08 0.100459 -0.735519 0.488396 0.83725 -1.17689 -0.394454
internal_weight=454 448 142 306 253 53 135
internal_count=454 448 142 306 253 53 135
is_linear=0
shrinkage=0.05


Tree=35
num_leaves=5
num_cat=0
split_feature=4 4 0 5
split_gain=141264 103651 79184.7 142247
threshold=5171.9499511718759 5079.8000488281259 14670.000000000002 94.931701660156264
decision_type=2 2 2 2
left_child=1 2 3 -1
right_child=-2 -3 -4 -5
leaf_value=0.0081693425003220056 -6.5853729769587517 5.7581480681896213 -4.9137099146842962 8.4911003661155711
leaf_weight=425 7.9999999999999991 7.9999999999999991 7.9999999999999991 4.9999999999999991
leaf_count=425 8 8 8 5
internal_value=-1.36441e-08 0.118123 0.0151091 0.106808
internal_weight=454 446 438 430
internal_count=454 446 438 430
is_linear=0
shrinkage=0.05


Tree=36
num_leaves=5
num_cat=0
split_feature=4 4 0 5
split_gain=127491 93544.9 71464.2 128378
threshold=5171.9499511718759 5079.8000488281259 14670.000000000002 94.931701660156264
decision_type=2 2 2 2
left_child=1 2 3 -1
right_child=-2 -3 -4 -5
leaf_value=0.0077608739277895758 -6.2561037570238121 5.4702406108379371 -4.6680246353149419 8.0665453863143934
leaf_weight=425 7.9999999999999991 7.9999999999999991 7.9999999999999991 4.9999999999999991
leaf_count=425 8 8 8 5
internal_value=-8.59278e-09 0.112217 0.0143537 0.101468
internal_weight=454 446 438 430
internal_count=454 446 438 430
is_linear=0
shrinkage=0.05


Tree=37
num_leaves=6
num_cat=0
split_feature=0 0 3 7 3
split_gain=123043 60008.9 96913.1 256336 121747
threshold=15104.000000000002 14958.000000000002 14100.91666666667 1.5000000000000002 12353.428571428574
decision_type=2 2 2 2 2
left_child=1 2 4 -4 -1
right_child=-2 -3 3 -5 -6
leaf_value=-0.11765174899915123 -7.1126998742421463 5.0620339870452886 4.4406199561225028 -5.5760416561906991 2.3541792507829338
leaf_weight=353 5.9999999999999991 5.9999999999999991 9.0000000000000018 22 58
leaf_count=353 6 6 9 22 58
internal_value=-6.62019e-09 0.0952594 0.0278371 -2.66798 0.231171
internal_weight=454 448 442 31 411
internal_count=454 448 442 31 411
is_linear=0
shrinkage=0.05


Tree=38
num_leaves=5
num_cat=0
split_feature=4 4 3 3
split_gain=115438 88618.2 73531.5 101566
threshold=5171.9499511718759 5079.8000488281259 14706.928571428574 14354.915476190477
decision_type=2 2 2 2
left_child=1 2 3 -1
right_child=-2 -3 -4 -5
leaf_value=-0.017999557395116977 -5.9530365049839027 5.3218030955642464 -5.0719274657113216 5.3499094221327042
leaf_weight=422 7.9999999999999991 7.9999999999999991 6.9999999999999991 8.9999999999999982
leaf_count=422 8 8 7 9
internal_value=2.65267e-08 0.106781 0.0115294 0.0940913
internal_weight=454 446 438 431
internal_count=454 446 438 431
is_linear=0
shrinkage=0.05


Tree=39
num_leaves=5
num_cat=0
split_feature=4 4 3 1
split_gain=104183 79977.9 66362.1 157647
threshold=5171.9499511718759 5079.8000488281259 14706.928571428574 14377.000000000002
decision_type=2 2 2 2
left_child=1 2 3 -1
right_child=-2 -3 -4 -5
leaf_value=-0.057991558957552973 -5.6553849220275882 5.0557127803564077 -4.8183312007359103 6.2940143299102793
leaf_weight=421 7.9999999999999991 7.9999999999999991 6.9999999999999991 9.9999999999999982
leaf_count=421 8 8 7 10
internal_value=3.1706e-09 0.101442 0.0109529 0.0893868
internal_weight=454 446 438 431
internal_count=454 446 438 431
is_linear=0
shrinkage=0.05


Tree=40
num_leaves=6
num_cat=0
split_feature=0 0 3 7 5
split_gain=114968 54257.2 86844.4 242062 127570
threshold=15104.000000000002 14958.000000000002 14100.91666666667 1.5000000000000002 94.77045059204103
decision_type=2 2 2 2 2
left_child=1 2 4 -4 -1
right_child=-2 -3 3 -5 -6
leaf_value=0.12269600568146542 -6.875329517324765 4.8148334344228116 4.3838763978746185 -5.349902018633756 8.1582699394226079
leaf_weight=406 5.9999999999999991 5.9999999999999991 9.0000000000000018 22 4.9999999999999991
leaf_count=406 6 6 9 22 5
internal_value=-1.1724e-08 0.0920803 0.0279705 -2.52397 0.220452
internal_weight=454 448 442 31 411
internal_count=454 448 442 31 411
is_linear=0
shrinkage=0.05


Tree=41
num_leaves=7
num_cat=0
split_feature=0 5 0 1 2 1
split_gain=103758 51044.3 115002 58441.6 143214 53597.8
threshold=15104.000000000002 85.36209869384767 8972.5000000000018 15027.500000000002 14563.300000000001 9012.0000000000018
decision_type=2 2 2 2 2 2
left_child=1 2 5 4 -3 -1
right_child=-2 3 -4 -5 -6 -7
leaf_value=-0.56736477485069858 -6.5315630356470749 0.37083062220197238 -6.944784893308368 -3.7662434816360477 6.7755684110853416 4.7080128479003909
leaf_weight=130 5.9999999999999991 289 6.9999999999999991 7.9999999999999991 8.9999999999999982 4.9999999999999991
leaf_count=130 6 289 7 8 9 5
internal_value=-2.4879e-08 0.0874763 -0.695992 0.451046 0.564262 -0.37198
internal_weight=454 448 142 306 298 135
internal_count=454 448 142 306 298 135
is_linear=0
shrinkage=0.05


Tree=42
num_leaves=5
num_cat=0
split_feature=4 0 1 1
split_gain=98586.4 96113.9 74440.6 63901.8
threshold=5171.9499511718759 15027.500000000002 15104.000000000002 14377.000000000002
decision_type=2 2 2 2
left_child=1 2 3 -1
right_child=-2 -3 -4 -5
leaf_value=-0.016027011070620649 -5.5013976037502292 6.9920246505737316 -6.0456355285644534 3.5429736944345329
leaf_weight=423 7.9999999999999991 4.9999999999999991 4.9999999999999991 12.999999999999998
leaf_count=423 8 5 5 13
internal_value=-6.33299e-09 0.0986798 0.0205239 0.09009
internal_weight=454 446 441 436
internal_count=454 446 441 436
is_linear=0
shrinkage=0.05


Tree=43
num_leaves=8
num_cat=0
split_feature=0 5 0 3 4 3 6
split_gain=97957.8 46202.8 103789 61526.8 135741 100089 42452.4
threshold=15104.000000000002 85.36209869384767 8972.5000000000018 14086.837962962965 4527.5500488281259 12564.150000000003 1.0000000180025095e-35
decision_type=2 2 2 2 2 2 2
left_child=1 2 6 5 -5 -3 -1
right_child=-2 3 -4 4 -6 -7 -8
leaf_value=-0.55992724774405367 -6.3463622411092127 0.29241393001810201 -6.5967442580631799 6.5230472564697273 -2.2031885984467299 2.9329155589258953 3.4389128821236747
leaf_weight=128 5.9999999999999991 217 6.9999999999999991 4.9999999999999991 41 43 6.9999999999999991
leaf_count=128 6 217 7 5 41 43 7
internal_value=3.26086e-08 0.084996 -0.660391 0.430894 -1.25468 0.729112 -0.35258
internal_weight=454 448 142 306 46 260 135
internal_count=454 448 142 306 46 260 135
is_linear=0
shrinkage=0.05


Tree=44
num_leaves=5
num_cat=0
split_feature=0 0 1 1
split_gain=88406.9 47414.9 84375.7 57373.6
threshold=15104.000000000002 14958.000000000002 15027.500000000002 14377.000000000002
decision_type=2 2 2 2
left_child=1 2 3 -1
right_child=-2 -3 -4 -5
leaf_value=0.0013044828681129936 -6.0290446758270271 4.4956765651702879 -5.8680997848510748 3.3736155436589166
leaf_weight=423 5.9999999999999991 5.9999999999999991 5.9999999999999991 12.999999999999998
leaf_count=423 6 6 6 13
internal_value=-1.99389e-08 0.0807461 0.0208149 0.101855
internal_weight=454 448 442 436
internal_count=454 448 442 436
is_linear=0
shrinkage=0.05


Tree=45
num_leaves=11
num_cat=0
split_feature=5 5 3 4 7 7 2 6 2 4
split_gain=90539.3 318373 311818 266272 172677 192342 138822 98322.1 37782.3 104051
threshold=91.972400665283217 90.756301879882827 13849.983333333335 4976.0500488281259 1.5000000000000002 1.0000000180025095e-35 13187.1 1.0000000180025095e-35 14288.392857142859 5118.0000000000009
decision_type=2 2 2 2 2 2 2 2 2 2
left_child=1 3 -2 6 5 -4 -1 -6 -3 -10
right_child=2 8 4 -5 7 -7 -8 -9 9 -11
leaf_value=-0.060923081036664821 -11.747141333988736 3.0439854621887195 -1.6785105347633367 -11.552484359741213 -1.0039530790769138 9.2857023715972886 7.6072766621907553 -7.3426998734474189 11.28447962999344 3.2202543735504152
leaf_weight=362 6.9999999999999991 8.0000000000000018 7.9999999999999973 4.9999999999999991 26 8 5.9999999999999991 7.9999999999999991 7.9999999999999991 7.9999999999999991
leaf_count=362 7 8 8 5 26 8 6 8 8 8
internal_value=1.07449e-08 0.267549 -1.86345 -0.0916164 -0.479737 3.8036 0.0641019 -2.49542 5.84957 7.25237
internal_weight=454 397 57 373 50 16 368 34 24 16
internal_count=454 397 57 373 50 16 368 34 24 16
is_linear=0
shrinkage=0.05


Tree=46
num_leaves=5
num_cat=0
split_feature=4 4 3 1
split_gain=85247.8 77864.8 58374.7 121266
threshold=5171.9499511718759 5079.8000488281259 14706.928571428574 14377.000000000002
decision_type=2 2 2 2
left_child=1 2 3 -1
right_child=-2 -3 -4 -5
leaf_value=-0.053220073834079319 -5.1157121062278748 4.9801433444023138 -4.5268639700753353 5.5178247451782232
leaf_weight=421 7.9999999999999991 7.9999999999999991 6.9999999999999991 9.9999999999999982
leaf_count=421 8 8 7 10
internal_value=-3.3425e-09 0.0917616 0.00247614 0.0760385
internal_weight=454 446 438 431
internal_count=454 446 438 431
is_linear=0
shrinkage=0.05


Tree=47
num_leaves=9
num_cat=0
split_feature=0 5 2 6 3 5 2 0
split_gain=85039.3 40855 99491.8 59631.7 55625.9 95940.4 95827.3 4732.47
threshold=15104.000000000002 85.36209869384767 8897.7500000000018 1.0000000180025095e-35 14086.837962962965 94.77045059204103 13594.700000000003 9024.0000000000018
decision_type=2 2 2 2 2 2 2 2
left_child=1 2 3 -1 5 -3 -6 -4
right_child=-2 4 7 -5 6 -7 -8 -9
leaf_value=-0.48935792371630671 -5.9131000200907389 0.55352214176335612 -4.3424824475497017 4.6125758727391561 4.6941175778706876 7.5471486854553227 -2.0821101212501527 -6.5179066467285143
leaf_weight=126 5.9999999999999991 255 4.9999999999999982 5.9999999999999991 5.9999999999999991 4.9999999999999991 40 5
leaf_count=126 6 255 5 6 6 5 40 5
internal_value=3.1947e-09 0.0791933 -0.621729 -0.257452 0.404458 0.688015 -1.19825 -5.43019
internal_weight=454 448 142 132 306 260 46 10
internal_count=454 448 142 132 306 260 46 10
is_linear=0
shrinkage=0.05


Tree=48
num_leaves=5
num_cat=0
split_feature=2 0 1 2
split_gain=83591.7 200227 65682.6 87794.5
threshold=15027.400000000003 15027.500000000002 15104.000000000002 14563.300000000001
decision_type=2 2 2 2
left_child=1 2 3 -1
right_child=-2 -3 -4 -5
leaf_value=0.0086168833249821199 5.8625555356343595 -10.028192634582521 -5.6645170974731442 5.6534753118242538
leaf_weight=431 5.9999999999999991 4.9999999999999991 4.9999999999999991 6.9999999999999991
leaf_count=431 6 5 5 7
internal_value=-2.54419e-08 -0.0785164 0.0337824 0.0988315
internal_weight=454 448 443 438
internal_count=454 448 443 438
is_linear=0
shrinkage=0.05


Tree=49
num_leaves=11
num_cat=0
split_feature=5 5 0 2 1 1 5 2 1 0
split_gain=81183.1 289479 201263 177281 309220 126344 117209 89812.1 47423.3 75194.6
threshold=91.972400665283217 90.756301879882827 14670.000000000002 14177.500000000002 12813.000000000002 14956.500000000002 94.931701660156264 13594.700000000003 13219.500000000002 14846.500000000002
decision_type=2 2 2 2 2 2 2 2 2 2
left_child=1 3 6 4 -1 -4 7 -2 -3 -10
right_child=2 8 5 -5 -6 -7 -8 -9 9 -11
leaf_value=-0.099263956463999214 4.4589808464050291 1.2434145355224602 -13.710309906005861 -7.4520275592803955 12.421011676788332 -2.948535871505737 6.9156908798217778 -2.161960259505681 10.031842973497175 3.7321568870544435
leaf_weight=360 5.9999999999999991 5.0000000000000027 4.9999999999999982 7.9999999999999991 4.9999999999999991 6 4.9999999999999991 35 9.0000000000000018 9.9999999999999982
leaf_count=360 6 5 5 8 5 6 5 35 9 10
internal_value=1.65816e-08 0.253348 -1.76454 -0.0891319 0.0722467 -7.84025 -0.311658 -1.19304 5.57605 6.71622
internal_weight=454 397 57 373 365 11 46 41 24 19
internal_count=454 397 57 373 365 11 46 41 24 19
is_linear=0
shrinkage=0.05


Tree=50
num_leaves=6
num_cat=0
split_feature=4 0 3 4 1
split_gain=80301.8 95749.2 71288.2 158051 91595.1
threshold=5205.5500488281259 15027.500000000002 14100.91666666667 4527.5500488281259 12813.000000000002
decision_type=2 2 2 2 2
left_child=1 2 4 -4 -1
right_child=-2 -3 3 -5 -6
leaf_value=-0.10294341355438721 -5.7460320313771573 6.3508063952128095 5.8845235443115236 -3.7932905479713726 2.2215227425098418
leaf_weight=362 5.9999999999999991 5.9999999999999991 4.9999999999999991 27 48
leaf_count=362 6 6 5 27 48
internal_value=-1.09182e-08 0.0769558 -0.00820962 -2.28113 0.169189
internal_weight=454 448 442 32 410
internal_count=454 448 442 32 410
is_linear=0
shrinkage=0.05


Tree=51
num_leaves=5
num_cat=0
split_feature=2 4 4 1
split_gain=78817 185166 41847.3 48159.8
threshold=15027.400000000003 5171.9499511718759 5079.8000488281259 13943.000000000002
decision_type=2 2 2 2
left_child=1 2 3 -1
right_child=-2 -3 -4 -5
leaf_value=0.17019034408013842 5.6926606814066574 -8.8008837858835864 4.5904869461059574 -1.5401632790980133
leaf_weight=391 5.9999999999999991 5.9999999999999991 4.9999999999999991 46
leaf_count=391 6 6 5 46
internal_value=2.1587e-08 -0.076241 0.0421931 -0.00984688
internal_weight=454 448 442 437
internal_count=454 448 442 437
is_linear=0
shrinkage=0.05


Tree=52
num_leaves=11
num_cat=0
split_feature=5 5 3 2 1 7 7 5 6 1
split_gain=73979.4 313307 291792 151926 274439 122863 174698 81984 81101.8 49784.4
threshold=91.747497558593764 90.756301879882827 13820.000000000002 14177.500000000002 12813.000000000002 1.5000000000000002 1.0000000180025095e-35 91.517650604248061 1.0000000180025095e-35 14167.500000000002
decision_type=2 2 2 2 2 2 2 2 2 2
left_child=1 3 -2 4 -1 6 -4 9 -7 -3
right_child=2 7 5 -5 -6 8 -8 -9 -10 -11
leaf_value=-0.097663085324068866 -13.200086898803711 1.1360710688999716 -1.8797396183013912 -6.9015308856964115 11.697478847503662 -1.0325430938175746 7.7224434349271975 11.130968125661214 -6.7409161806106574 6.9099557399749756
leaf_weight=360 4.9999999999999991 7.0000000000000027 10 7.9999999999999991 4.9999999999999991 28 9 5.9999999999999991 7.9999999999999991 7.9999999999999991
leaf_count=360 5 7 10 8 5 28 9 6 8 8
internal_value=2.80989e-08 0.249072 -1.63557 -0.0854787 0.0639142 -0.584253 2.66866 6.19133 -2.30107 4.21548
internal_weight=454 394 60 373 365 55 19 21 36 15
internal_count=454 394 60 373 365 55 19 21 36 15
is_linear=0
shrinkage=0.05


Tree=53
num_leaves=7
num_cat=0
split_feature=0 4 4 0 3 3
split_gain=72957.9 39435.9 97810 131689 84502.4 85698.7
threshold=15104.000000000002 4922.0500488281259 4997.5000000000009 14528.500000000002 14522.833333333334 14266.449134199136
decision_type=2 2 2 2 2 2
left_child=1 4 -3 -4 5 -1
right_child=-2 2 3 -5 -6 -7
leaf_value=-0.037270904722149938 -5.4769842227300014 7.5623355229695592 -6.7437479400634714 2.626008961995443 -5.9345008214314783 6.5483671569824224
leaf_weight=411 5.9999999999999991 6.0000000000000027 5.0000000000000027 14.999999999999998 5.9999999999999991 4.9999999999999991
leaf_count=411 6 6 5 15 6 5
internal_value=-1.86199e-08 0.0733524 1.96328 0.28357 -0.0430889 0.0418834
internal_weight=454 448 26 20 422 416
internal_count=454 448 26 20 422 416
is_linear=0
shrinkage=0.05


Tree=54
num_leaves=6
num_cat=0
split_feature=4 0 3 4 1
split_gain=72760.9 87752 59657.4 141305 79736.1
threshold=5205.5500488281259 15027.500000000002 14100.91666666667 4527.5500488281259 12813.000000000002
decision_type=2 2 2 2 2
left_child=1 2 4 -4 -1
right_child=-2 -3 3 -5 -6
leaf_value=-0.099899845759677627 -5.469585148493449 6.0793881972630821 5.6334226417541506 -3.5173413523921262 2.0688757135222358
leaf_weight=362 5.9999999999999991 5.9999999999999991 4.9999999999999991 27 48
leaf_count=362 6 6 5 27 48
internal_value=1.11693e-08 0.0732534 -0.00827786 -2.08753 0.154006
internal_weight=454 448 442 32 410
internal_count=454 448 442 32 410
is_linear=0
shrinkage=0.05


Tree=55
num_leaves=11
num_cat=0
split_feature=5 3 5 7 7 1 1 7 1 0
split_gain=69974.5 254717 237646 124844 152320 110835 148496 81213.2 44006.5 63382
threshold=91.972400665283217 13849.983333333335 90.756301879882827 1.5000000000000002 1.0000000180025095e-35 14153.500000000002 12813.000000000002 2.5000000000000004 13219.500000000002 14846.500000000002
decision_type=2 2 2 2 2 2 2 2 2 2
left_child=2 -2 5 4 -3 6 -1 -5 -4 -10
right_child=1 3 8 7 -6 -7 -8 -9 9 -11
leaf_value=-0.085921422251396706 -10.571216739927021 -1.6240354776382451 0.88425888061523372 -5.8872358894348151 8.133009344339369 -6.3073686327253071 7.8453074296315508 -0.52412145535151167 9.2002913369072772 3.4165529155731202
leaf_weight=360 6.9999999999999991 7.9999999999999973 5.0000000000000027 9.9999999999999982 8 6.9999999999999991 5.9999999999999991 24 9.0000000000000018 9.9999999999999982
leaf_count=360 7 8 5 10 8 7 6 24 9 10
internal_value=-5.15304e-09 -1.63821 0.235209 -0.38759 3.25449 -0.0750977 0.0440987 -2.10151 5.05789 6.15622
internal_weight=454 57 397 50 16 373 366 34 24 19
internal_count=454 57 397 50 16 373 366 34 24 19
is_linear=0
shrinkage=0.05


Tree=56
num_leaves=6
num_cat=0
split_feature=4 0 3 4 5
split_gain=68281.9 77489.1 54078.8 126272 82337.6
threshold=5205.5500488281259 15027.500000000002 14100.91666666667 4527.5500488281259 94.77045059204103
decision_type=2 2 2 2 2
left_child=1 2 4 -4 -1
right_child=-2 -3 3 -5 -6
leaf_value=0.070128197294694411 -5.2985667228698734 5.7149616479873657 5.3133847045898435 -3.3369159875092684 6.5259039592742925
leaf_weight=405 5.9999999999999991 5.9999999999999991 4.9999999999999991 27 4.9999999999999991
leaf_count=405 6 6 5 27 5
internal_value=2.44852e-09 0.0709629 -0.00565242 -1.98531 0.148857
internal_weight=454 448 442 32 410
internal_count=454 448 442 32 410
is_linear=0
shrinkage=0.05


Tree=57
num_leaves=6
num_cat=0
split_feature=2 4 5 5 5
split_gain=70049.5 161752 35008.3 160891 93830
threshold=15027.400000000003 5171.9499511718759 93.43555068969728 94.332702636718764 90.607097625732436
decision_type=2 2 2 2 2
left_child=1 2 4 -4 -1
right_child=-2 -3 3 -5 -6
leaf_value=-0.080657554051360575 5.3667074839274092 -8.2262651761372876 -5.5949183668409077 1.4691128730773926 2.4978550843703444
leaf_weight=370 5.9999999999999991 5.9999999999999991 13.999999999999998 19 39
leaf_count=370 6 6 14 19 39
internal_value=-1.19144e-08 -0.0718756 0.0388175 -1.52775 0.165215
internal_weight=454 448 442 33 409
internal_count=454 448 442 33 409
is_linear=0
shrinkage=0.05


Tree=58
num_leaves=6
num_cat=0
split_feature=0 1 1 1 5
split_gain=72717.4 36483.6 94811.6 115184 70481.5
threshold=15104.000000000002 15027.500000000002 14377.000000000002 14102.500000000002 90.93344879150392
decision_type=2 2 2 2 2
left_child=1 2 3 -1 -4
right_child=-2 -3 4 -5 -6
leaf_value=0.17910414481052647 -5.4679496924082436 -3.2730422258377079 -0.80615158081054694 -3.707925481796265 6.4644120216369636
leaf_weight=405 5.9999999999999991 7.9999999999999991 4.9999999999999991 20 9.9999999999999982
leaf_count=405 6 8 5 20 10
internal_value=-1.02125e-08 0.0732315 0.134073 -0.0038149 4.04089
internal_weight=454 448 440 425 15
internal_count=454 448 440 425 15
is_linear=0
shrinkage=0.05


Tree=59
num_leaves=5
num_cat=0
split_feature=2 2 3 1
split_gain=64621.9 122996 62769.7 86234.1
threshold=15027.400000000003 14956.500000000002 14706.928571428574 14637.000000000002
decision_type=2 2 2 2
left_child=1 2 3 -1
right_child=-2 -3 -4 -5
leaf_value=0.021650682327503949 5.1546061515808113 -7.1797228177388508 -5.051782162984213 6.6259877014160153
leaf_weight=431 5.9999999999999991 5.9999999999999991 5.9999999999999991 4.9999999999999991
leaf_count=431 6 6 6 5
internal_value=-2.28736e-08 -0.0690349 0.0274902 0.0973885
internal_weight=454 448 442 436
internal_count=454 448 442 436
is_linear=0
shrinkage=0.05


Tree=60
num_leaves=11
num_cat=0
split_feature=5 5 3 2 1 6 7 2 2 3
split_gain=59426.2 254790 240180 122910 227298 104042 172565 129731 67848.5 44623.5
threshold=91.747497558593764 90.756301879882827 13820.000000000002 14177.500000000002 12813.000000000002 1.0000000180025095e-35 2.5000000000000004 13857.482142857145 14288.392857142859 14468.944047619048
decision_type=2 2 2 2 2 2 2 2 2 2
left_child=1 3 -2 4 -1 7 -7 -4 -3 -10
right_child=2 8 5 -5 -6 6 -8 -9 9 -11
leaf_value=-0.091136629937423608 -11.957908186912537 1.959005737304687 8.1577707672119146 -6.209179091453553 10.643256902694702 -10.578299522399904 1.9988520812988277 -0.39686214251395985 10.975520451863609 5.0992876325334819
leaf_weight=360 4.9999999999999991 8.0000000000000018 4.9999999999999991 7.9999999999999991 4.9999999999999991 5.9999999999999982 5 39 5.9999999999999982 7
leaf_count=360 5 8 5 8 5 6 5 39 6 7
internal_value=-7.54905e-10 0.223233 -1.4659 -0.078462 0.0559099 -0.512078 -4.86141 0.575255 5.58191 7.8114
internal_weight=454 394 60 373 365 55 11 44 21 13
internal_count=454 394 60 373 365 55 11 44 21 13
is_linear=0
shrinkage=0.05


Tree=61
num_leaves=6
num_cat=0
split_feature=0 2 3 1 5
split_gain=62839.3 34952.8 70570.4 59318 35647.4
threshold=15104.000000000002 14748.400000000001 14522.833333333334 14956.500000000002 85.36209869384767
decision_type=2 2 2 2 2
left_child=1 2 4 -3 -1
right_child=-2 3 -4 -5 -6
leaf_value=-0.57838967089921656 -5.0830109397570293 6.2455618540445981 -5.390329615275065 -0.7852051417032877 0.3896153946924541
leaf_weight=142 5.9999999999999991 5.9999999999999982 5.9999999999999991 6 288
leaf_count=142 6 6 6 6 288
internal_value=-5.84231e-09 0.068076 -0.00519284 2.73018 0.0699486
internal_weight=454 448 436 12 430
internal_count=454 448 436 12 430
is_linear=0
shrinkage=0.05


Tree=62
num_leaves=6
num_cat=0
split_feature=4 0 3 7 5
split_gain=63561.2 78536.7 45129.3 111062 73842.8
threshold=5205.5500488281259 15027.500000000002 14100.91666666667 1.5000000000000002 94.77045059204103
decision_type=2 2 2 2 2
left_child=1 2 4 -4 -1
right_child=-2 -3 3 -5 -6
leaf_value=0.057924112208923441 -5.1121245066324867 5.7504856571555143 2.8918097601996529 -3.659730826253476 6.1716159439086917
leaf_weight=405 5.9999999999999991 5.9999999999999991 8.9999999999999982 23 4.9999999999999991
leaf_count=405 6 6 9 23 5
internal_value=-2.00325e-08 0.0684659 -0.00866556 -1.81711 0.132481
internal_weight=454 448 442 32 410
internal_count=454 448 442 32 410
is_linear=0
shrinkage=0.05


Tree=63
num_leaves=9
num_cat=0
split_feature=1 1 2 1 3 3 2 7
split_gain=59458.1 362293 161903 117943 67822 115793 50753.4 9640.87
threshold=14377.000000000002 14220.000000000002 14252.533333333335 15027.500000000002 14266.449134199136 14100.91666666667 14563.300000000001 1.5000000000000002
decision_type=2 2 2 2 2 2 2 2
left_child=1 4 -3 6 5 -1 -2 -8
right_child=3 2 -4 -5 -6 -7 7 -9
leaf_value=0.15045113000355867 1.4996696896023209 -3.8028189522879474 -15.583054103851318 -2.8990485429763795 5.3788252989451095 -5.5845502535502121 8.1840975189209004 5.2113107403119407
leaf_weight=399 9.0000000000000053 6.9999999999999982 5 7.9999999999999991 5.9999999999999991 8.9999999999999982 4.9999999999999982 6
leaf_count=399 9 7 5 8 6 9 5 6
internal_value=-2.62182e-08 -0.146697 -8.71125 2.23189 0.101551 0.0239437 4.28427 6.56258
internal_weight=454 426 12 28 414 408 20 11
internal_count=454 426 12 28 414 408 20 11
is_linear=0
shrinkage=0.05


Tree=64
num_leaves=6
num_cat=0
split_feature=0 2 3 1 5
split_gain=62571.4 33117.6 61759.8 51571.4 33317.7
threshold=15104.000000000002 14748.400000000001 14522.833333333334 14956.500000000002 85.36209869384767
decision_type=2 2 2 2 2
left_child=1 2 4 -3 -1
right_child=-2 3 -4 -5 -6
leaf_value=-0.55988894684738677 -5.0721667369206749 5.9370168685913098 -5.0411593119303388 -0.61860685348510736 0.37595042680040935
leaf_weight=142 5.9999999999999991 5.9999999999999982 5.9999999999999991 6 288
leaf_count=142 6 6 6 6 288
internal_value=-8.22969e-09 0.0679308 -0.00338868 2.65921 0.0669058
internal_weight=454 448 436 12 430
internal_count=454 448 436 12 430
is_linear=0
shrinkage=0.05


Tree=65
num_leaves=6
num_cat=0
split_feature=4 2 1 1 1
split_gain=62383.3 45671.5 29962 82740.6 63113.9
threshold=5205.5500488281259 15018.6 14102.500000000002 12813.000000000002 14377.000000000002
decision_type=2 2 2 2 2
left_child=1 2 3 -1 -4
right_child=-2 -3 4 -5 -6
leaf_value=-0.10846632707102524 -5.0645346164703371 4.4008322079976407 -3.2664060328900817 2.2359845348766871 0.81465541389253415
leaf_weight=362 5.9999999999999991 5.9999999999999991 20 42 18
leaf_count=362 6 6 20 42 18
internal_value=5.30074e-09 0.0678286 0.00900954 0.135264 -1.33327
internal_weight=454 448 442 404 38
internal_count=454 448 442 404 38
is_linear=0
shrinkage=0.05


Tree=66
num_leaves=8
num_cat=0
split_feature=0 5 0 7 1 0 1
split_gain=57232.7 29088.8 85113.7 47780.2 57974.3 55096.1 46633.2
threshold=15104.000000000002 85.36209869384767 8972.5000000000018 1.0000000180025095e-35 15104.000000000002 11199.500000000002 9012.0000000000018
decision_type=2 2 2 2 2 2 2
left_child=1 2 6 5 -5 -3 -1
right_child=-2 3 -4 4 -6 -7 -8
leaf_value=-0.42997439974775686 -4.8509589711825054 0.37770122966250863 -5.9022755214146212 0.7731368154664584 -4.6673295974731444 -2.5928539302614002 4.490738601684571
leaf_weight=130 5.9999999999999991 37 6.9999999999999991 237 4.9999999999999991 27 4.9999999999999991
leaf_count=130 6 37 7 237 5 27 5
internal_value=1.15041e-08 0.0649682 -0.526471 0.339427 0.66073 -0.875502 -0.247726
internal_weight=454 448 142 306 242 64 135
internal_count=454 448 142 306 242 64 135
is_linear=0
shrinkage=0.05


Tree=67
num_leaves=9
num_cat=0
split_feature=1 1 1 5 5 3 3 3
split_gain=58957.1 311590 105972 96097.6 72038.3 67800.1 60305.2 107099
threshold=14377.000000000002 14220.000000000002 15027.500000000002 93.847900390625014 90.93344879150392 14706.928571428574 14266.449134199136 14100.91666666667
decision_type=2 2 2 2 2 2 2 2
left_child=1 6 4 -3 -2 -6 7 -1
right_child=2 3 -4 -5 5 -7 -8 -9
leaf_value=0.13262974309517925 -1.0296256256103502 -12.563153245051705 -2.6411216735839846 -3.6143375337123866 9.0448618918657324 2.3067702157156806 5.0603868722915655 -5.382869805230035
leaf_weight=399 5.0000000000000062 5.9999999999999982 7.9999999999999991 6 7.9999999999999982 7 5.9999999999999991 8.9999999999999982
leaf_count=399 5 6 8 6 8 7 6 9
internal_value=2.0645e-09 -0.146078 2.22247 -8.08875 4.16791 5.90042 0.0841443 0.0109643
internal_weight=454 426 28 12 20 15 414 408
internal_count=454 426 28 12 20 15 414 408
is_linear=0
shrinkage=0.05


Tree=68
num_leaves=6
num_cat=0
split_feature=0 2 3 1 3
split_gain=55298.5 31896.6 56908.9 49467.1 28418.5
threshold=15104.000000000002 14748.400000000001 14522.833333333334 14956.500000000002 14354.915476190477
decision_type=2 2 2 2 2
left_child=1 2 4 -3 -1
right_child=-2 3 -4 -5 -6
leaf_value=0.0053799025008181263 -4.7682862679163618 5.8171561559041356 -4.8420092264811201 -0.60332334836324053 3.0135567575693134
leaf_weight=422 5.9999999999999991 5.9999999999999982 5.9999999999999991 6 7.9999999999999991
leaf_count=422 6 6 6 6 8
internal_value=-7.06e-09 0.063861 -0.00613138 2.60692 0.061346
internal_weight=454 448 436 12 430
internal_count=454 448 436 12 430
is_linear=0
shrinkage=0.05


Tree=69
num_leaves=5
num_cat=0
split_feature=4 0 1 1
split_gain=59076.2 76578.3 36218.7 26251
threshold=5205.5500488281259 15027.500000000002 15104.000000000002 14377.000000000002
decision_type=2 2 2 2
left_child=1 2 3 -1
right_child=-2 -3 -4 -5
leaf_value=-0.032244799576752574 -4.9284663359324137 5.6767348130544031 -4.2415281677246091 2.1683982985360282
leaf_weight=423 5.9999999999999991 5.9999999999999991 4.9999999999999991 13.999999999999998
leaf_count=423 6 6 5 14
internal_value=-8.8488e-09 0.0660062 -0.0101575 0.0382564
internal_weight=454 448 442 437
internal_count=454 448 442 437
is_linear=0
shrinkage=0.05


Tree=70
num_leaves=9
num_cat=0
split_feature=1 1 1 5 3 1 1 1
split_gain=53074.6 280448 90669 68611.4 61644 49435.6 85057.2 31076.5
threshold=14377.000000000002 14277.500000000002 15027.500000000002 90.93344879150392 14706.928571428574 14102.500000000002 12813.000000000002 14167.500000000002
decision_type=2 2 2 2 2 2 2 2
left_child=1 5 3 -2 -5 6 -1 -7
right_child=2 -3 -4 4 -6 7 -8 -9
leaf_value=-0.11343376137604372 -1.1642277145385724 -9.4119111001491547 -2.3900531411170962 8.5972687005996722 2.172357940673828 -5.6366237958272309 2.2387135458547016 -0.73281674385070794
leaf_weight=362 5.0000000000000062 7.9999999999999991 7.9999999999999991 7.9999999999999982 7 5.9999999999999982 43 7
leaf_count=362 5 8 8 8 7 6 43 7
internal_value=7.83788e-09 -0.138599 2.10868 3.90818 5.59898 0.0388809 0.1363 -2.99611
internal_weight=454 426 28 20 15 418 405 13
internal_count=454 426 28 20 15 418 405 13
is_linear=0
shrinkage=0.05


Tree=71
num_leaves=6
num_cat=0
split_feature=0 4 3 7 3
split_gain=56262.3 32942 27401.1 72963.6 64523.4
threshold=15104.000000000002 5171.9499511718759 14090.040404040406 1.5000000000000002 12353.428571428574
decision_type=2 2 2 2 2
left_child=1 2 4 -4 -1
right_child=-2 -3 3 -5 -6
leaf_value=-0.10498023233653467 -4.8096593538920089 3.7443625450134279 2.1633745193481446 -2.6676215082958894 1.7976170909171012
leaf_weight=353 5.9999999999999991 5.9999999999999991 10.999999999999998 27 51
leaf_count=353 6 6 11 27 51
internal_value=1.70871e-08 0.0644151 0.0144611 -1.26918 0.135199
internal_weight=454 448 442 38 404
internal_count=454 448 442 38 404
is_linear=0
shrinkage=0.05


Tree=72
num_leaves=6
num_cat=0
split_feature=0 2 3 1 3
split_gain=50776.8 28022.3 51647.3 42282.8 24882.4
threshold=15104.000000000002 14748.400000000001 14522.833333333334 14956.500000000002 14354.915476190477
decision_type=2 2 2 2 2
left_child=1 2 4 -3 -1
right_child=-2 3 -4 -5 -6
leaf_value=0.007504087112738058 -4.5691773891448975 5.4127899328867599 -4.6113123575846355 -0.52317500114440907 2.822315174341202
leaf_weight=422 5.9999999999999991 5.9999999999999982 5.9999999999999991 6 7.9999999999999991
leaf_count=422 6 6 6 6 8
internal_value=-6.02119e-09 0.0611943 -0.0044097 2.44481 0.0598727
internal_weight=454 448 436 12 430
internal_count=454 448 436 12 430
is_linear=0
shrinkage=0.05


Tree=73
num_leaves=9
num_cat=0
split_feature=1 1 2 1 5 3 3 3
split_gain=50406.5 256772 134292 81427 69170.4 55737.4 50004.8 90831.8
threshold=14377.000000000002 14220.000000000002 14252.533333333335 15027.500000000002 90.93344879150392 14706.928571428574 14266.449134199136 14100.91666666667
decision_type=2 2 2 2 2 2 2 2
left_child=1 6 -3 4 -2 -6 7 -1
right_child=3 2 -4 -5 5 -7 -8 -9
leaf_value=0.11932900613430597 -1.3327096939086895 -2.8749441385269172 -13.603770675659177 -2.2082962870597842 8.3090195059776324 2.1996698107038224 4.6052970009545486 -4.960057385762533
leaf_weight=399 5.0000000000000062 6.9999999999999982 5 7.9999999999999991 7.9999999999999982 7 5.9999999999999991 8.9999999999999982
leaf_count=399 5 7 5 8 8 7 6 9
internal_value=5.70527e-09 -0.13507 -7.34529 2.055 3.76031 5.45799 0.0739216 0.00728372
internal_weight=454 426 12 28 20 15 414 408
internal_count=454 426 12 28 20 15 414 408
is_linear=0
shrinkage=0.05


Tree=74
num_leaves=9
num_cat=0
split_feature=1 1 2 1 5 3 3 3
split_gain=45491.9 231737 121199 73487.9 62426.3 50303 45129.3 81975.7
threshold=14377.000000000002 14220.000000000002 14252.533333333335 15027.500000000002 90.93344879150392 14706.928571428574 14266.449134199136 14100.91666666667
decision_type=2 2 2 2 2 2 2 2
left_child=1 6 -3 4 -2 -6 7 -1
right_child=3 2 -4 -5 5 -7 -8 -9
leaf_value=0.11336253246941363 -1.2660741806030256 -2.7311969382422316 -12.923582248687744 -2.0978813409805297 7.8935685038566605 2.0896864209856303 4.3750322739283245 -4.7120543585883246
leaf_weight=399 5.0000000000000062 6.9999999999999982 5 7.9999999999999991 7.9999999999999982 7 5.9999999999999991 8.9999999999999982
leaf_count=399 5 7 5 8 8 7 6 9
internal_value=-7.91337e-09 -0.128317 -6.97802 1.95225 3.5723 5.18509 0.0702255 0.00691951
internal_weight=454 426 12 28 20 15 414 408
internal_count=454 426 12 28 20 15 414 408
is_linear=0
shrinkage=0.05


Tree=75
num_leaves=6
num_cat=0
split_feature=4 4 4 4 7
split_gain=60509.4 35837.7 23081.1 103858 7573.82
threshold=5205.5500488281259 5079.8000488281259 4997.5000000000009 4922.0500488281259 1.5000000000000002
decision_type=2 2 2 2 2
left_child=1 2 3 -1 -3
right_child=-2 4 -4 -5 -6
leaf_value=-0.040852007710200956 -4.9878888289133707 4.402464294433595 -2.5066982852088082 6.5839431444803882 1.6504077148437497
leaf_weight=423 5.9999999999999991 4.9999999999999982 8.9999999999999982 5.9999999999999991 5
leaf_count=423 6 5 9 6 5
internal_value=4.65087e-09 0.0668021 -0.000769463 0.0518025 3.02644
internal_weight=454 448 438 429 10
internal_count=454 448 438 429 10
is_linear=0
shrinkage=0.05


Tree=76
num_leaves=6
num_cat=0
split_feature=4 0 3 4 5
split_gain=54609.7 67612.6 35495.3 71720.1 60591.9
threshold=5205.5500488281259 15027.500000000002 14100.91666666667 4527.5500488281259 94.77045059204103
decision_type=2 2 2 2 2
left_child=1 2 4 -4 -1
right_child=-2 -3 3 -5 -6
leaf_value=0.049536178531470125 -4.7384939511617032 5.3355233828226725 3.8886843872070318 -2.6305807095986826 5.5875861549377444
leaf_weight=405 5.9999999999999991 5.9999999999999991 4.9999999999999991 27 4.9999999999999991
leaf_count=405 6 6 5 27 5
internal_value=5.38936e-09 0.063462 -0.00810447 -1.61195 0.117073
internal_weight=454 448 442 32 410
internal_count=454 448 442 32 410
is_linear=0
shrinkage=0.05


Tree=77
num_leaves=6
num_cat=0
split_feature=4 2 3 7 1
split_gain=49285.2 35431.4 22794.2 72456.5 61167.8
threshold=5205.5500488281259 15018.6 14100.91666666667 1.5000000000000002 12813.000000000002
decision_type=2 2 2 2 2
left_child=1 2 4 -4 -1
right_child=-2 -3 3 -5 -6
leaf_value=-0.11732215884229097 -4.501569080352783 3.8767487525939943 2.2040508651733393 -2.9670112008140204 1.765026057496363
leaf_weight=362 5.9999999999999991 5.9999999999999991 10.000000000000002 21 49
leaf_count=362 6 6 10 21 49
internal_value=1.49438e-08 0.0602889 0.00848174 -1.29893 0.107094
internal_weight=454 448 442 31 411
internal_count=454 448 442 31 411
is_linear=0
shrinkage=0.05


Tree=78
num_leaves=7
num_cat=0
split_feature=4 4 5 1 3 3
split_gain=44480 31116.3 81807.9 50094.5 47331.7 40282.3
threshold=5205.5500488281259 4922.0500488281259 90.756301879882827 15027.500000000002 14522.833333333334 14266.449134199136
decision_type=2 2 2 2 2 2
left_child=1 4 -3 -4 5 -1
right_child=-2 2 3 -5 -6 -7
leaf_value=-0.034723352452794329 -4.276491641998291 -2.815206227983746 5.1908286864940925 -0.69821094512939463 -4.4533163706461592 4.4803187847137451
leaf_weight=412 5.9999999999999991 7.0000000000000027 13.000000000000002 4.9999999999999991 5.9999999999999991 4.9999999999999991
leaf_count=412 6 7 13 5 6 5
internal_value=-1.67392e-09 0.0572744 1.77133 3.55498 -0.0440291 0.0194138
internal_weight=454 448 25 18 423 417
internal_count=454 448 25 18 423 417
is_linear=0
shrinkage=0.05


Tree=79
num_leaves=6
num_cat=0
split_feature=0 4 5 0 7
split_gain=55352.6 36362.2 21832 76815.1 38898
threshold=15104.000000000002 5171.9499511718759 85.36209869384767 8972.5000000000018 1.0000000180025095e-35
decision_type=2 2 2 2 2
left_child=1 2 3 -1 -4
right_child=-2 -3 4 -5 -6
leaf_value=-0.23454879650363214 -4.7706167856852213 3.9301554361979165 -0.85110266322181338 -5.6063709872109548 0.54671272308200225
leaf_weight=135 5.9999999999999991 5.9999999999999991 63 6.9999999999999991 237
leaf_count=135 6 6 63 7 237
internal_value=-1.08985e-08 0.0638922 0.011409 -0.499357 0.253171
internal_weight=454 448 442 142 300
internal_count=454 448 442 142 300
is_linear=0
shrinkage=0.05


Tree=80
num_leaves=6
num_cat=0
split_feature=0 4 5 2 7
split_gain=49955.7 32816.9 19703.4 77934.7 35105.4
threshold=15104.000000000002 5171.9499511718759 85.36209869384767 8897.7500000000018 1.0000000180025095e-35
decision_type=2 2 2 2 2
left_child=1 2 3 -1 -4
right_child=-2 -3 4 -5 -6
leaf_value=-0.15198226592531711 -4.5320858796437582 3.7336476961771647 -0.80854747635977608 -4.7301588535308836 0.51937706354801161
leaf_weight=132 5.9999999999999991 5.9999999999999991 63 9.9999999999999982 237
leaf_count=132 6 6 63 10 237
internal_value=-8.12343e-09 0.0606976 0.0108385 -0.474389 0.240513
internal_weight=454 448 442 142 300
internal_count=454 448 442 142 300
is_linear=0
shrinkage=0.05


Tree=81
num_leaves=6
num_cat=0
split_feature=0 2 3 5 5
split_gain=45085 26757.8 44054.2 31224.2 25911.6
threshold=15104.000000000002 14748.400000000001 14522.833333333334 91.747497558593764 88.614250183105483
decision_type=2 2 2 2 2
left_child=1 2 4 -3 -1
right_child=-2 3 -4 -5 -6
leaf_value=-0.19695471660479119 -4.3054814179738363 5.4046600341796882 -4.2612405141194669 0.23130893877574377 0.65581033314977377
leaf_weight=304 5.9999999999999991 4.9999999999999982 5.9999999999999991 7 126
leaf_count=304 6 5 6 7 126
internal_value=-1.58858e-09 0.0576627 -0.00644398 2.38687 0.0529253
internal_weight=454 448 436 12 430
internal_count=454 448 436 12 430
is_linear=0
shrinkage=0.05


Tree=82
num_leaves=6
num_cat=0
split_feature=2 0 3 2 2
split_gain=40868 115618 21451.1 74658.8 44290.3
threshold=15027.400000000003 15027.500000000002 14086.837962962965 13187.1 13594.700000000003
decision_type=2 2 2 2 2
left_child=1 2 3 -1 -4
right_child=-2 -3 4 -5 -6
leaf_value=-0.078609982116536789 4.0991806606451666 -7.6155881690979008 2.9100567579269412 2.2504525899887087 -1.7394471287727358
leaf_weight=364 5.9999999999999991 4.9999999999999991 5.9999999999999991 38 35
leaf_count=364 6 5 6 38 35
internal_value=-2.0087e-09 -0.0548997 0.0304353 0.14155 -1.05903
internal_weight=454 448 443 402 41
internal_count=454 448 443 402 41
is_linear=0
shrinkage=0.05


Tree=83
num_leaves=9
num_cat=0
split_feature=1 0 1 1 1 2 7 7
split_gain=45456.5 220002 68522.5 50784.3 71158.6 36455 36168.5 7449.5
threshold=14377.000000000002 14806.500000000002 15027.500000000002 14102.500000000002 12813.000000000002 14563.300000000001 2.5000000000000004 1.5000000000000002
decision_type=2 2 2 2 2 2 2 2
left_child=1 3 5 4 -1 -2 -5 -7
right_child=2 -3 -4 6 -6 7 -8 -9
leaf_value=-0.09724568897518665 1.1558692720201271 -9.634922854105632 -1.9594213128089906 -4.8320379919475966 2.1251049557328225 6.8721167373657241 -0.34944841861724857 4.2589375396569569
leaf_weight=362 9.0000000000000053 5.9999999999999991 7.9999999999999991 9.0000000000000018 40 4.9999999999999982 8.9999999999999982 6
leaf_count=362 9 6 8 9 40 5 9 6
internal_value=1.29318e-08 -0.128267 1.95149 0.00754257 0.123884 3.51585 -2.59074 5.44675
internal_weight=454 426 28 420 402 20 18 11
internal_count=454 426 28 420 402 20 18 11
is_linear=0
shrinkage=0.05


Tree=84
num_leaves=5
num_cat=0
split_feature=4 0 4 4
split_gain=44783 66134.3 31329.5 40384.2
threshold=5205.5500488281259 15027.500000000002 5062.2998046875009 4922.0500488281259
decision_type=2 2 2 2
left_child=1 2 3 -1
right_child=-2 -3 -4 -5
leaf_value=-0.037490667409806458 -4.2910337448120117 5.271574926376343 -3.1138361871242526 2.90404167175293
leaf_weight=422 5.9999999999999991 5.9999999999999991 7.9999999999999991 11.999999999999998
leaf_count=422 6 6 8 12
internal_value=-8.79628e-09 0.0574692 -0.0133105 0.043842
internal_weight=454 448 442 434
internal_count=454 448 442 434
is_linear=0
shrinkage=0.05


Tree=85
num_leaves=6
num_cat=0
split_feature=0 4 3 2 4
split_gain=43873.1 29142.3 20403.8 55226 47725.4
threshold=15104.000000000002 5171.9499511718759 14086.837962962965 13187.1 4527.5500488281259
decision_type=2 2 2 2 2
left_child=1 2 3 -1 -4
right_child=-2 -3 4 -5 -6
leaf_value=-0.068553222724042101 -4.2472165902455652 3.5180949846903484 3.524882621765137 1.9589548078743189 -1.688267934984631
leaf_weight=364 5.9999999999999991 5.9999999999999991 4.9999999999999991 37 36
leaf_count=364 6 6 5 37 36
internal_value=-1.62206e-08 0.0568823 0.00989756 0.118524 -1.05252
internal_weight=454 448 442 401 41
internal_count=454 448 442 401 41
is_linear=0
shrinkage=0.05


Tree=86
num_leaves=5
num_cat=0
split_feature=4 0 4 4
split_gain=41343.6 62753.9 28133.6 37528.9
threshold=5205.5500488281259 15027.500000000002 5062.2998046875009 4922.0500488281259
decision_type=2 2 2 2
left_child=1 2 3 -1
right_child=-2 -3 -4 -5
leaf_value=-0.037974409144636581 -4.122965240478516 5.1343214988708503 -2.9518608796643093 2.7976627508799239
leaf_weight=422 5.9999999999999991 5.9999999999999991 7.9999999999999991 11.999999999999998
leaf_count=422 6 6 8 12
internal_value=6.30961e-09 0.0552183 -0.0137288 0.0404303
internal_weight=454 448 442 434
internal_count=454 448 442 434
is_linear=0
shrinkage=0.05


Tree=87
num_leaves=6
num_cat=0
split_feature=0 4 5 5 5
split_gain=41631.3 28220.4 19846.6 105839 44957.4
threshold=15104.000000000002 5171.9499511718759 93.43555068969728 94.332702636718764 90.607097625732436
decision_type=2 2 2 2 2
left_child=1 2 4 -4 -1
right_child=-2 -3 3 -5 -6
leaf_value=-0.065848698551590382 -4.137283881505331 3.4614352226257328 -4.4690978612218588 1.2603080799705104 1.7189904721883629
leaf_weight=370 5.9999999999999991 5.9999999999999991 13.999999999999998 19 39
leaf_count=370 6 6 14 19 39
internal_value=3.21655e-09 0.0554101 0.00917442 -1.17035 0.104344
internal_weight=454 448 442 33 409
internal_count=454 448 442 33 409
is_linear=0
shrinkage=0.05


Tree=88
num_leaves=11
num_cat=0
split_feature=5 5 4 4 1 6 7 0 1 0
split_gain=39801.7 130965 129056 112490 104990 66449.7 131728 81694.8 38938.2 32731
threshold=91.972400665283217 90.756301879882827 4976.0500488281259 5062.2998046875009 12813.000000000002 1.0000000180025095e-35 2.5000000000000004 13999.500000000002 13219.500000000002 14846.500000000002
decision_type=2 2 2 2 2 2 2 2 2 2
left_child=1 2 4 5 -1 7 -7 -2 -3 -10
right_child=3 8 -4 -5 -6 6 -8 -9 9 -11
leaf_value=-0.07045345372623868 3.3174866612752276 -0.16839851379394521 -8.0318785476684571 -8.3987041234970103 5.720785689353943 -8.9923334757486995 1.9963421201705931 -1.3162020170917879 6.9782065391540504 2.8219258975982666
leaf_weight=360 14.999999999999998 5.0000000000000027 4.9999999999999991 4.9999999999999991 7.9999999999999991 5.9999999999999982 5 26 9.0000000000000018 9.9999999999999982
leaf_count=360 15 5 5 5 8 6 5 26 9 10
internal_value=2.48856e-08 0.177392 -0.0529661 -1.23552 0.055443 -0.546755 -3.99748 0.37905 3.75755 4.79069
internal_weight=454 397 373 57 368 52 11 41 24 19
internal_count=454 397 373 57 368 52 11 41 24 19
is_linear=0
shrinkage=0.05


Tree=89
num_leaves=6
num_cat=0
split_feature=4 0 3 4 5
split_gain=39804 59943.8 27869 54966.9 45919.1
threshold=5205.5500488281259 15027.500000000002 14100.91666666667 4527.5500488281259 94.77045059204103
decision_type=2 2 2 2 2
left_child=1 2 4 -4 -1
right_child=-2 -3 3 -5 -6
leaf_value=0.03891901696169818 -4.0454697450002035 5.0182589689890547 3.3811697387695312 -2.3261063240192557 4.8600189018249509
leaf_weight=405 5.9999999999999991 5.9999999999999991 4.9999999999999991 27 4.9999999999999991
leaf_count=405 6 6 5 27 5
internal_value=2.12949e-08 0.0541804 -0.0132053 -1.43434 0.0977129
internal_weight=454 448 442 32 410
internal_count=454 448 442 32 410
is_linear=0
shrinkage=0.05


Tree=90
num_leaves=7
num_cat=0
split_feature=1 0 1 0 4 0
split_gain=40709.5 216531 79823.1 45733.9 58585.7 29074.4
threshold=14637.000000000002 14913.000000000002 15027.500000000002 14528.500000000002 4997.5000000000009 14351.000000000002
decision_type=2 2 2 2 2 2
left_child=1 3 5 4 -1 -2
right_child=2 -3 -4 -5 -6 -7
leaf_value=0.028901151820837735 1.3177457427978507 -9.5391306559244793 -1.8861353397369385 4.3604487419128422 -5.415891799926758 6.0731025112999815
leaf_weight=415 5.0000000000000027 5.9999999999999991 7.9999999999999991 5.9999999999999991 4.9999999999999991 8.9999999999999982
leaf_count=415 5 6 8 6 5 9
internal_value=-8.54683e-09 -0.106846 2.09807 0.0260028 -0.0359178 4.37476
internal_weight=454 432 22 426 420 14
internal_count=454 432 22 426 420 14
is_linear=0
shrinkage=0.05


Tree=91
num_leaves=8
num_cat=0
split_feature=1 0 1 5 5 3 1
split_gain=38588.3 183450 57733.9 54634.4 44972.8 43223.8 37314.1
threshold=14377.000000000002 14806.500000000002 15027.500000000002 90.93344879150392 94.931701660156264 14706.928571428574 14102.500000000002
decision_type=2 2 2 2 2 2 2
left_child=1 4 3 -2 6 -5 -1
right_child=2 -3 -4 5 -6 -7 -8
leaf_value=0.04999794506230943 -1.2923909759521468 -8.7992395718892418 -1.7918286085128785 7.2534228324890151 4.7195045661926276 1.8734105791364397 -2.2775526497099139
leaf_weight=397 5.0000000000000062 5.9999999999999991 7.9999999999999991 7.9999999999999982 4.9999999999999991 7 18
leaf_count=397 5 6 8 8 5 7 18
internal_value=-1.13203e-08 -0.11818 1.79802 3.23397 0.00583514 4.74275 -0.0509561
internal_weight=454 426 28 20 420 15 415
internal_count=454 426 28 20 420 15 415
is_linear=0
shrinkage=0.05


Tree=92
num_leaves=6
num_cat=0
split_feature=0 4 5 5 5
split_gain=40358.2 27107.1 16297 87963 38824.5
threshold=15104.000000000002 5171.9499511718759 93.43555068969728 94.332702636718764 90.607097625732436
decision_type=2 2 2 2 2
left_child=1 2 4 -4 -1
right_child=-2 -3 3 -5 -6
leaf_value=-0.062676880166337309 -4.0735340754191078 3.3927240689595544 -4.0669040373393468 1.1562889902215256 1.5959607732601655
leaf_weight=370 5.9999999999999991 5.9999999999999991 13.999999999999998 19 39
leaf_count=370 6 6 14 19 39
internal_value=-2.75704e-09 0.0545563 0.00924176 -1.05961 0.0954817
internal_weight=454 448 442 33 409
internal_count=454 448 442 33 409
is_linear=0
shrinkage=0.05


Tree=93
num_leaves=6
num_cat=0
split_feature=4 0 3 7 1
split_gain=36929.4 55310.9 24900.9 49468.7 37598.1
threshold=5205.5500488281259 15027.500000000002 14100.91666666667 2.5000000000000004 12813.000000000002
decision_type=2 2 2 2 2
left_child=1 2 4 -4 -1
right_child=-2 -3 3 -5 -6
leaf_value=-0.082048589600383914 -3.8966525395711269 4.8205788135528564 -3.3217697203159333 0.61002011597156525 1.4072090525180103
leaf_weight=362 5.9999999999999991 5.9999999999999991 15.999999999999998 15.999999999999998 48
leaf_count=362 6 6 16 16 48
internal_value=1.99557e-08 0.0521873 -0.012542 -1.35587 0.0923035
internal_weight=454 448 442 32 410
internal_count=454 448 442 32 410
is_linear=0
shrinkage=0.05


Tree=94
num_leaves=12
num_cat=0
split_feature=5 3 5 5 5 6 7 7 1 2 3
split_gain=36566.2 202702 114911 78649.5 122295 74408.5 111597 73490 56359.4 37105.7 26115.4
threshold=91.972400665283217 13849.983333333335 90.756301879882827 90.056453704833999 89.902702331542983 1.0000000180025095e-35 2.5000000000000004 2.5000000000000004 13809.500000000002 14288.392857142859 14468.944047619048
decision_type=2 2 2 2 2 2 2 2 2 2 2
left_child=2 -2 3 4 -1 8 -7 -5 -3 -4 -11
right_child=1 5 9 7 -6 6 -8 -9 -10 10 -12
leaf_value=0.020855801889222148 -9.1531275221279689 5.4133939107259117 0.74322519898414585 -5.3595055873577397 7.2213840166727712 -8.2978554407755549 1.8163635635375972 0.19341749711470171 0.1453065756595496 7.2042535918099553 3.1322532865736221
leaf_weight=343 6.9999999999999991 5.9999999999999991 8.0000000000000018 13.000000000000002 5.9999999999999991 5.9999999999999982 5 10.999999999999998 33 6.9999999999999991 8.9999999999999982
leaf_count=343 7 6 8 13 6 6 5 11 33 7 9
internal_value=-1.48158e-08 -1.18424 0.17003 -0.0457484 0.144647 -0.0685967 -3.70048 -2.81442 0.955782 3.52358 4.91375
internal_weight=454 57 397 373 349 50 11 24 39 24 16
internal_count=454 57 397 373 349 50 11 24 39 24 16
is_linear=0
shrinkage=0.05


Tree=95
num_leaves=6
num_cat=0
split_feature=0 2 3 5 5
split_gain=38991.9 22222.5 32592.7 25383.5 18346.9
threshold=15104.000000000002 14748.400000000001 14522.833333333334 91.747497558593764 88.614250183105483
decision_type=2 2 2 2 2
left_child=1 2 4 -3 -1
right_child=-2 3 -4 -5 -6
leaf_value=-0.16399562467673892 -4.0039847215016691 4.8972236251831065 -3.6644952138264979 0.23275287491934638 0.55357267061869309
leaf_weight=304 5.9999999999999991 4.9999999999999982 5.9999999999999991 7 126
leaf_count=304 6 5 6 7 126
internal_value=-1.04965e-08 0.0536248 -0.00479698 2.17628 0.0462686
internal_weight=454 448 436 12 430
internal_count=454 448 436 12 430
is_linear=0
shrinkage=0.05


Tree=96
num_leaves=5
num_cat=0
split_feature=4 0 4 4
split_gain=36737.1 48767.3 22420.5 31658.1
threshold=5205.5500488281259 15027.500000000002 5062.2998046875009 4922.0500488281259
decision_type=2 2 2 2
left_child=1 2 3 -1
right_child=-2 -3 -4 -5
leaf_value=-0.032391814071843973 -3.8864953041076662 4.5295025348663334 -2.6316273689270022 2.5720260381698612
leaf_weight=422 5.9999999999999991 5.9999999999999991 7.9999999999999991 11.999999999999998
leaf_count=422 6 6 8 12
internal_value=-1.90466e-08 0.0520513 -0.00872862 0.0396197
internal_weight=454 448 442 434
internal_count=454 448 442 434
is_linear=0
shrinkage=0.05


Tree=97
num_leaves=6
num_cat=0
split_feature=0 4 3 4 5
split_gain=36803.3 22981.8 15459.9 41110.7 37648.1
threshold=15104.000000000002 5171.9499511718759 14090.040404040406 4527.5500488281259 94.77045059204103
decision_type=2 2 2 2 2
left_child=1 2 4 -4 -1
right_child=-2 -3 3 -5 -6
leaf_value=0.04703313417751389 -3.8899937311808266 3.1257751146952315 3.2711928367614749 -1.5939661396272256 4.4128039550781253
leaf_weight=399 5.9999999999999991 5.9999999999999991 4.9999999999999991 33 4.9999999999999991
leaf_count=399 6 6 5 33 5
internal_value=2.24436e-08 0.0520982 0.010374 -0.953814 0.101065
internal_weight=454 448 442 38 404
internal_count=454 448 442 38 404
is_linear=0
shrinkage=0.05


Tree=98
num_leaves=7
num_cat=0
split_feature=1 0 1 0 4 2
split_gain=35782.5 186737 66559.5 40019.9 53789.8 31855.5
threshold=14637.000000000002 14913.000000000002 15027.500000000002 14528.500000000002 4997.5000000000009 14563.300000000001
decision_type=2 2 2 2 2 2
left_child=1 3 5 4 -1 -2
right_child=2 -3 -4 -5 -6 -7
leaf_value=0.02738503009439951 0.8460834503173823 -8.8595348040262873 -1.671152400970459 4.0778389930725103 -5.189793701171876 5.8236836749646406
leaf_weight=415 5.0000000000000027 5.9999999999999991 7.9999999999999991 5.9999999999999991 4.9999999999999991 8.9999999999999982
leaf_count=415 5 6 8 6 5 9
internal_value=-1.04932e-08 -0.100172 1.96702 0.0231992 -0.0347242 4.04597
internal_weight=454 432 22 426 420 14
internal_count=454 432 22 426 420 14
is_linear=0
shrinkage=0.05


Tree=99
num_leaves=6
num_cat=0
split_feature=4 0 3 2 2
split_gain=34447.7 46785.2 20394.2 42407.3 35321.1
threshold=5205.5500488281259 15027.500000000002 14090.040404040406 13594.700000000003 13187.1
decision_type=2 2 2 2 2
left_child=1 2 4 -4 -1
right_child=-2 -3 3 -5 -6
leaf_value=-0.059945714514661623 -3.7634448369344078 4.4359221458435059 2.7408851782480879 -1.8398129887878896 1.5053517735004425
leaf_weight=364 5.9999999999999991 5.9999999999999991 5.9999999999999991 32 40
leaf_count=364 6 6 6 32 40
internal_value=-2.17216e-08 0.0504033 -0.00912867 -1.11654 0.0950342
internal_weight=454 448 442 38 404
internal_count=454 448 442 38 404
is_linear=0
shrinkage=0.05


Tree=100
num_leaves=6
num_cat=0
split_feature=0 2 3 1 5
split_gain=35622.8 21579.1 29361.9 28923.9 17231.9
threshold=15104.000000000002 14748.400000000001 14522.833333333334 14956.500000000002 85.36209869384767
decision_type=2 2 2 2 2
left_child=1 2 4 -3 -1
right_child=-2 3 -4 -5 -6
leaf_value=-0.40861475295583971 -3.8270981947580971 4.5977114359537765 -3.4798976898193361 -0.31179394125938414 0.26440890062496897
leaf_weight=142 5.9999999999999991 5.9999999999999982 5.9999999999999991 6 288
leaf_count=142 6 6 6 6 288
internal_value=-4.13885e-09 0.0512558 -0.00631403 2.14296 0.0421546
internal_weight=454 448 436 12 430
internal_count=454 448 436 12 430
is_linear=0
shrinkage=0.05


Tree=101
num_leaves=8
num_cat=0
split_feature=1 1 1 5 3 2 3
split_gain=35990.8 157062 48342.1 46983 36588.6 28567.6 43890.4
threshold=14377.000000000002 14277.500000000002 15027.500000000002 90.93344879150392 14706.928571428574 14397.475000000002 14266.449134199136
decision_type=2 2 2 2 2 2 2
left_child=1 5 3 -2 -5 6 -1
right_child=2 -3 -4 4 -6 -7 -8
leaf_value=-0.083856239126009105 -1.1470333290100081 -7.0538890123367315 -1.5484542787075044 6.7595136672258391 1.8096382686070029 3.7754076004028323 4.6293294334411623
leaf_weight=408 5.0000000000000062 7.9999999999999991 7.9999999999999991 7.9999999999999982 7 4.9999999999999991 4.9999999999999991
leaf_count=408 5 8 8 8 7 5 5
internal_value=8.48119e-09 -0.114133 1.73646 3.05042 4.44957 0.018685 -0.0267959
internal_weight=454 426 28 20 15 418 413
internal_count=454 426 28 20 15 418 413
is_linear=0
shrinkage=0.05


Tree=102
num_leaves=6
num_cat=0
split_feature=0 2 3 1 3
split_gain=34679.9 19034.8 27021.8 25460.8 15092.4
threshold=15104.000000000002 14748.400000000001 14522.833333333334 14956.500000000002 8288.9199134199152
decision_type=2 2 2 2 2
left_child=1 2 4 -3 -1
right_child=-2 3 -4 -5 -6
leaf_value=-0.28066357806020853 -3.7761094570159912 4.3182152112325047 -3.3357866923014323 -0.28801455497741696 0.31410356297706948
leaf_weight=196 5.9999999999999991 5.9999999999999982 5.9999999999999991 6 234
leaf_count=196 6 6 6 6 234
internal_value=-1.14877e-09 0.0505729 -0.00349667 2.0151 0.0430004
internal_weight=454 448 436 12 430
internal_count=454 448 436 12 430
is_linear=0
shrinkage=0.05


Tree=103
num_leaves=6
num_cat=0
split_feature=4 0 3 1 4
split_gain=35800.1 44472.5 19535.5 38945.9 36546
threshold=5205.5500488281259 15027.500000000002 14090.040404040406 12813.000000000002 4527.5500488281259
decision_type=2 2 2 2 2
left_child=1 2 3 -1 -4
right_child=-2 -3 4 -5 -6
leaf_value=-0.071929347556269632 -3.8366097132364909 4.3271320501963295 2.8930398559570314 1.5365403175354004 -1.6940790096918743
leaf_weight=362 5.9999999999999991 5.9999999999999991 4.9999999999999991 42 33
leaf_count=362 6 6 5 42 33
internal_value=-9.90566e-09 0.0513832 -0.00665868 0.0952878 -1.09051
internal_weight=454 448 442 404 38
internal_count=454 448 442 404 38
is_linear=0
shrinkage=0.05


Tree=104
num_leaves=6
num_cat=0
split_feature=4 0 0 0 3
split_gain=32879.2 41743.7 17231.7 183011 73967.7
threshold=5171.9499511718759 15027.500000000002 11809.000000000002 12001.000000000002 9326.9705882352955
decision_type=2 2 2 2 2
left_child=1 2 4 -4 -1
right_child=-2 -3 3 -5 -6
leaf_value=-0.14069846346161582 -3.1770562887191773 4.5998765563964845 -9.0244002381960566 -0.050521741737829196 1.8992712776615936
leaf_weight=275 7.9999999999999991 4.9999999999999991 5.9999999999999991 107 53
leaf_count=275 8 5 6 107 53
internal_value=1.08838e-08 0.0569876 0.00548089 -0.527011 0.188931
internal_weight=454 446 441 113 328
internal_count=454 446 441 113 328
is_linear=0
shrinkage=0.05


Tree=105
num_leaves=8
num_cat=0
split_feature=1 1 1 5 3 2 2
split_gain=33552.2 141296 44214.8 41391.3 33443.7 26566.1 43015
threshold=14377.000000000002 14277.500000000002 15027.500000000002 90.93344879150392 14706.928571428574 14397.475000000002 14252.533333333335
decision_type=2 2 2 2 2 2 2
left_child=1 5 3 -2 -5 6 -1
right_child=2 -3 -4 4 -6 -7 -8
leaf_value=0.05229921683336311 -1.0065481758117663 -6.6924365043640144 -1.4649589002132417 6.4549109220504777 1.7225427082606721 3.6385054397583008 -3.2674298858642583
leaf_weight=403 5.0000000000000062 7.9999999999999991 7.9999999999999991 7.9999999999999982 7 4.9999999999999991 9.9999999999999982
leaf_count=403 5 8 8 8 7 5 10
internal_value=-1.11398e-08 -0.110199 1.6766 2.93322 4.24647 0.0157771 -0.0280816
internal_weight=454 426 28 20 15 418 413
internal_count=454 426 28 20 15 418 413
is_linear=0
shrinkage=0.05


Tree=106
num_leaves=6
num_cat=0
split_feature=0 4 0 4 1
split_gain=37036.3 19637.6 15213.6 20400.5 1960
threshold=15104.000000000002 5171.9499511718759 6388.5000000000009 2452.450073242188 6461.5000000000009
decision_type=2 2 2 2 2
left_child=1 2 4 -4 -1
right_child=-2 -3 3 -5 -6
leaf_value=2.6417345428466805 -3.9022878011067714 2.8935217221577965 -1.2256908084406999 0.067877329688024401 1.2417345476150512
leaf_weight=4.9999999999999982 5.9999999999999991 5.9999999999999991 33 399 5
leaf_count=5 6 6 33 399 5
internal_value=1.50784e-08 0.0522628 0.0136937 -0.0309369 1.94173
internal_weight=454 448 442 432 10
internal_count=454 448 442 432 10
is_linear=0
shrinkage=0.05


Tree=107
num_leaves=8
num_cat=0
split_feature=0 4 5 1 0 1 3
split_gain=33425.3 18459.2 54188.1 31561.6 25272.8 161592 66456.2
threshold=15104.000000000002 4922.0500488281259 90.756301879882827 14956.500000000002 11809.000000000002 11809.000000000002 9326.9705882352955
decision_type=2 2 2 2 2 2 2
left_child=1 4 -3 -4 6 -6 -1
right_child=-2 2 3 -5 5 -7 -8
leaf_value=-0.13531799576499245 -3.7071733792622887 -2.4179762567792609 4.1126244324904215 -0.27145872116088871 -8.6920892874399822 -0.21149260848760607 1.7982987064235616
leaf_weight=275 5.9999999999999991 7.0000000000000027 13.000000000000002 5.9999999999999991 5.9999999999999991 88 53
leaf_count=275 6 7 13 6 6 88 53
internal_value=-2.52073e-08 0.0496496 1.34267 2.72818 -0.0300154 -0.752807 0.177126
internal_weight=454 448 26 19 422 94 328
internal_count=454 448 26 19 422 94 328
is_linear=0
shrinkage=0.05


Tree=108
num_leaves=5
num_cat=0
split_feature=4 0 4 4
split_gain=32950.3 39408.2 19508.1 28455.5
threshold=5205.5500488281259 15027.500000000002 5062.2998046875009 4922.0500488281259
decision_type=2 2 2 2
left_child=1 2 3 -1
right_child=-2 -3 -4 -5
leaf_value=-0.028514596205469558 -3.6807393709818523 4.0742376168568937 -2.4519602179527284 2.4406549533208213
leaf_weight=422 5.9999999999999991 5.9999999999999991 7.9999999999999991 11.999999999999998
leaf_count=422 6 6 8 12
internal_value=1.66801e-08 0.0492956 -0.00534159 0.0397574
internal_weight=454 448 442 434
internal_count=454 448 442 434
is_linear=0
shrinkage=0.05


Tree=109
num_leaves=6
num_cat=0
split_feature=0 4 4 4 1
split_gain=31455.4 17620.6 19102.8 64943.8 16716.2
threshold=15104.000000000002 5079.8000488281259 4997.5000000000009 4922.0500488281259 14466.000000000002
decision_type=2 2 2 2 2
left_child=1 2 3 -1 -3
right_child=-2 4 -4 -5 -6
leaf_value=-0.027088890404780332 -3.5962772687276208 4.1597857284545903 -2.281291808022393 5.2116749604543058 0.24530305862426754
leaf_weight=422 5.9999999999999991 4.9999999999999982 8.9999999999999982 5.9999999999999991 6
leaf_count=422 6 5 9 6 6
internal_value=-1.07459e-08 0.0481644 -0.00158601 0.0463517 2.02461
internal_weight=454 448 437 428 11
internal_count=454 448 437 428 11
is_linear=0
shrinkage=0.05


Tree=110
num_leaves=6
num_cat=0
split_feature=4 0 3 5 3
split_gain=30754.9 39336.6 15110.8 32780.7 32120.4
threshold=5171.9499511718759 15027.500000000002 14090.040404040406 93.43555068969728 14082.4183908046
decision_type=2 2 2 2 2
left_child=1 2 4 -4 -1
right_child=-2 -3 3 -5 -6
leaf_value=0.038950124135868042 -3.0727083683013916 4.465083618164063 0.41009299635887148 -2.5762564827414121 3.724767303466797
leaf_weight=398 7.9999999999999991 4.9999999999999991 20 17 5.9999999999999991
leaf_count=398 8 5 20 17 6
internal_value=9.0129e-09 0.0551159 0.00511622 -0.962014 0.09369
internal_weight=454 446 441 37 404
internal_count=454 446 441 37 404
is_linear=0
shrinkage=0.05


Tree=111
num_leaves=9
num_cat=0
split_feature=1 4 1 4 1 5 3 5
split_gain=30750.6 127553 231417 62531 41111.4 39050.3 32604.3 31823.2
threshold=14377.000000000002 4997.5000000000009 14102.500000000002 4896.8000488281259 15027.500000000002 90.93344879150392 14706.928571428574 90.056453704833999
decision_type=2 2 2 2 2 2 2 2
left_child=1 3 -3 7 5 -2 -7 -1
right_child=4 2 -4 -5 -6 6 -8 -9
leaf_value=0.14647056243481132 -1.0099366188049304 1.9204045104980474 -13.291995620727537 5.5864965820312502 -1.4242286562919617 6.2729167401790633 1.6003128596714564 -1.0828188321282786
leaf_weight=349 5.0000000000000062 4.9999999999999982 5 4.9999999999999991 7.9999999999999991 7.9999999999999982 7 62
leaf_count=349 5 5 5 5 8 8 7 62
internal_value=-5.17274e-09 -0.105498 -5.6858 0.0286441 1.60507 2.81679 4.09237 -0.0389697
internal_weight=454 426 10 416 28 20 15 411
internal_count=454 426 10 416 28 20 15 411
is_linear=0
shrinkage=0.05


Tree=112
num_leaves=6
num_cat=0
split_feature=0 2 3 1 1
split_gain=31290.1 16587.1 25181.6 22176.7 14072.4
threshold=15104.000000000002 14748.400000000001 14522.833333333334 14956.500000000002 14310.000000000002
decision_type=2 2 2 2 2
left_child=1 2 4 -3 -1
right_child=-2 3 -4 -5 -6
leaf_value=-0.0038955913238707483 -3.5868157068888347 4.0313570022583018 -3.2192568461100262 -0.26754434903462726 1.8078010559082032
leaf_weight=419 5.9999999999999991 5.9999999999999982 5.9999999999999991 6 10.999999999999998
leaf_count=419 6 6 6 6 11
internal_value=-1.20785e-09 0.0480377 -0.00243574 1.88191 0.0424501
internal_weight=454 448 436 12 430
internal_count=454 448 436 12 430
is_linear=0
shrinkage=0.05


Tree=113
num_leaves=5
num_cat=0
split_feature=4 0 4 4
split_gain=28879 35622.1 15926.1 21657.5
threshold=5205.5500488281259 15027.500000000002 5062.2998046875009 4922.0500488281259
decision_type=2 2 2 2
left_child=1 2 3 -1
right_child=-2 -3 -4 -5
leaf_value=-0.024609063537482403 -3.4458503087361656 3.872863451639811 -2.2164134263992312 2.1295212686061862
leaf_weight=422 5.9999999999999991 5.9999999999999991 7.9999999999999991 11.999999999999998
leaf_count=422 6 6 8 12
internal_value=4.08961e-09 0.0461498 -0.00579655 0.0349521
internal_weight=454 448 442 434
internal_count=454 448 442 434
is_linear=0
shrinkage=0.05


Tree=114
num_leaves=6
num_cat=0
split_feature=0 2 3 1 5
split_gain=29439.7 15407.5 22712 20778.2 14238.3
threshold=15104.000000000002 14748.400000000001 14522.833333333334 14956.500000000002 88.661548614501967
decision_type=2 2 2 2 2
left_child=1 2 4 -3 -1
right_child=-2 3 -4 -5 -6
leaf_value=-0.14153786578279365 -3.4791396458943691 3.8946308771769211 -3.0570635477701824 -0.26652261416117345 0.49512761947585315
leaf_weight=307 5.9999999999999991 5.9999999999999982 5.9999999999999991 6 123
leaf_count=307 6 6 6 6 123
internal_value=6.20335e-09 0.0465956 -0.00205002 1.81405 0.0405781
internal_weight=454 448 436 12 430
internal_count=454 448 436 12 430
is_linear=0
shrinkage=0.05


Tree=115
num_leaves=7
num_cat=0
split_feature=1 0 1 0 4 4
split_gain=29013.5 151221 48942.8 31461.3 47685.8 22717
threshold=14637.000000000002 14913.000000000002 15027.500000000002 14528.500000000002 4997.5000000000009 5099.4499511718759
decision_type=2 2 2 2 2 2
left_child=1 3 5 4 -1 -2
right_child=2 -3 -4 -5 -6 -7
leaf_value=0.027941499517624636 1.8096810162067407 -7.9726923306783037 -1.3485451519489289 3.6158516248067225 -4.8843048858642577 5.8796275138854988
leaf_weight=415 8.0000000000000018 5.9999999999999991 7.9999999999999991 5.9999999999999991 4.9999999999999991 5.9999999999999991
leaf_count=415 8 6 8 6 5 6
internal_value=1.24067e-08 -0.090201 1.77122 0.02082 -0.0305376 3.55394
internal_weight=454 432 22 426 420 14
internal_count=454 432 22 426 420 14
is_linear=0
shrinkage=0.05


Tree=116
num_leaves=9
num_cat=0
split_feature=0 7 1 2 2 2 3 5
split_gain=27593.6 15221.8 131660 133064 113364 70686 172822 64192.5
threshold=15104.000000000002 2.5000000000000004 9000.5000000000018 11541.450000000003 8327.5000000000018 8897.7500000000018 8288.9199134199152 94.558399200439467
decision_type=2 2 2 2 2 2 2 2
left_child=1 5 4 -4 -3 6 -1 -7
right_child=-2 2 3 -5 -6 7 -8 -9
leaf_value=0.13945766824942371 -3.3682918866475426 -0.58917106240987782 4.6053088264805933 0.3578338951976211 -8.406472396850587 -1.1318538750345641 6.666416697068648 3.4664597749710087
leaf_weight=130 5.9999999999999991 64 28 54 4.9999999999999991 148 10.999999999999998 7.9999999999999991
leaf_count=130 6 64 28 54 5 148 11 8
internal_value=3.12465e-09 0.0451111 0.453857 1.80819 -1.15564 -0.162702 0.648653 -0.896043
internal_weight=454 448 151 82 69 297 141 156
internal_count=454 448 151 82 69 297 141 156
is_linear=0
shrinkage=0.05


Tree=117
num_leaves=9
num_cat=0
split_feature=1 0 1 1 3 1 2 3
split_gain=29188.8 128332 35531.8 22671.8 37291.3 35221.3 21194.8 12434.4
threshold=14377.000000000002 14806.500000000002 15027.500000000002 14102.500000000002 14100.91666666667 12813.000000000002 15018.6 14706.928571428574
decision_type=2 2 2 2 2 2 2 2
left_child=1 3 6 5 -5 -1 7 -2
right_child=2 -3 -4 4 -6 -7 -8 -9
leaf_value=-0.076897897966494225 2.7353701803419304 -7.3635427792867025 -1.252456820011139 -0.12587522268295284 -4.9536148071289068 1.4866152498126031 5.1766024986902872 -0.37448310852050781
leaf_weight=362 9.0000000000000053 5.9999999999999991 7.9999999999999991 12.000000000000002 5.9999999999999991 40 5.9999999999999991 4.9999999999999991
leaf_count=362 9 6 8 12 6 40 6 5
internal_value=-1.65094e-09 -0.102784 1.56378 0.00094138 -1.73512 0.0786755 2.69028 1.62471
internal_weight=454 426 28 420 18 402 20 14
internal_count=454 426 28 420 18 402 20 14
is_linear=0
shrinkage=0.05


Tree=118
num_leaves=7
num_cat=0
split_feature=4 4 2 2 3 7
split_gain=26348.3 23259.7 16004.7 82477.2 75096.4 2894.19
threshold=5205.5500488281259 5079.8000488281259 11541.450000000003 11228.900000000003 11421.151190476192 1.5000000000000002
decision_type=2 2 2 2 2 2
left_child=1 2 3 -1 -4 -3
right_child=-2 5 4 -5 -6 -7
leaf_value=-0.0043419009809823415 -3.291410223642985 3.2790505123138431 -5.5294012887137285 3.7936139376958211 -0.19119940538491523 1.5778179550170897
leaf_weight=304 5.9999999999999991 4.9999999999999982 6.9999999999999991 14.999999999999998 112 5
leaf_count=304 6 5 7 15 112 5
internal_value=2.14491e-08 0.0440814 -0.0103559 0.174245 -0.505211 2.42843
internal_weight=454 448 438 319 119 10
internal_count=454 448 438 319 119 10
is_linear=0
shrinkage=0.05


Tree=119
num_leaves=11
num_cat=0
split_feature=5 3 5 4 1 7 7 2 5 4
split_gain=26477 145016 98493.2 83786.5 81549.5 49308.3 106089 48315 31071.7 20188.9
threshold=91.747497558593764 13849.983333333335 90.756301879882827 4976.0500488281259 12813.000000000002 1.5000000000000002 1.0000000180025095e-35 14288.392857142859 94.77045059204103 5150.9499511718759
decision_type=2 2 2 2 2 2 2 2 2 2
left_child=2 -2 3 4 -1 6 -3 -4 -7 -9
right_child=1 5 7 -5 -6 8 -8 9 -10 -11
leaf_value=-0.062176922125120965 -7.2454733774065971 -1.5290523317125106 0.42350704669952377 -6.4675411224365238 5.0417954683303838 -0.47917202631632483 6.3843345463275902 7.4903870582580581 -4.7365380477905275 3.5378699779510492
leaf_weight=360 7.9999999999999991 9 8.0000000000000018 4.9999999999999991 7.9999999999999991 30 8 5.9999999999999982 4.9999999999999991 7
leaf_count=360 8 9 8 5 8 30 8 6 5 7
internal_value=4.5721e-09 -0.978474 0.149006 -0.0385711 0.048779 -0.0143201 2.19489 3.48074 -1.08737 5.36211
internal_weight=454 60 394 373 368 52 17 21 35 13
internal_count=454 60 394 373 368 52 17 21 35 13
is_linear=0
shrinkage=0.05


Tree=120
num_leaves=6
num_cat=0
split_feature=0 2 3 1 2
split_gain=26392.9 14275.6 20405 19246.9 14121.3
threshold=15104.000000000002 14748.400000000001 14522.833333333334 14956.500000000002 6419.041666666667
decision_type=2 2 2 2 2
left_child=1 2 4 -3 -1
right_child=-2 3 -4 -5 -6
leaf_value=1.6605166256427766 -3.2941928068796793 3.7478588740030929 -2.898407491048177 -0.25702057679494222 -0.012892441397948233
leaf_weight=12.999999999999998 5.9999999999999991 5.9999999999999982 5.9999999999999991 6 417
leaf_count=13 6 6 6 6 417
internal_value=-8.66499e-09 0.0441186 -0.00270614 1.74542 0.037699
internal_weight=454 448 436 12 430
internal_count=454 448 436 12 430
is_linear=0
shrinkage=0.05


Tree=121
num_leaves=6
num_cat=0
split_feature=4 0 5 2 5
split_gain=26228.2 33913.9 14254.5 118335 109723
threshold=5205.5500488281259 15027.500000000002 90.056453704833999 13187.1 89.902702331542983
decision_type=2 2 2 2 2
left_child=1 2 4 -4 -1
right_child=-2 -3 3 -5 -6
leaf_value=0.022615463992597062 -3.283897558848063 3.7778177102406825 -4.6238773759206131 0.22537802274410546 6.8430076122283943
leaf_weight=343 5.9999999999999991 5.9999999999999991 14.999999999999998 78 5.9999999999999991
leaf_count=343 6 6 15 78 6
internal_value=-9.10481e-09 0.0439808 -0.00670481 -0.55676 0.139871
internal_weight=454 448 442 93 349
internal_count=454 448 442 93 349
is_linear=0
shrinkage=0.05


Tree=122
num_leaves=7
num_cat=0
split_feature=0 4 7 5 4 3
split_gain=24915.7 15888 15359.5 113120 90267.3 13457.2
threshold=15104.000000000002 5079.8000488281259 2.5000000000000004 87.231151580810561 3328.450073242188 14496.976190476193
decision_type=2 2 2 2 2 2
left_child=1 2 4 -4 -1 -3
right_child=-2 5 3 -5 -6 -7
leaf_value=0.58251916456897301 -3.2006789684295658 3.5160991986592616 -0.91752085213537349 1.8493924658063432 -1.1937705670870267 0.0038692474365234369
leaf_weight=159 5.9999999999999991 5.9999999999999982 77 71 130 5
leaf_count=159 6 6 77 71 130 5
internal_value=1.14877e-09 0.0428662 -0.00437498 0.40985 -0.216504 1.91963
internal_weight=454 448 437 148 289 11
internal_count=454 448 437 148 289 11
is_linear=0
shrinkage=0.05


Tree=123
num_leaves=8
num_cat=0
split_feature=1 0 1 5 5 5 3
split_gain=24550.8 116317 33821 37632.3 32535.1 28375.6 27474.3
threshold=14377.000000000002 14806.500000000002 15027.500000000002 90.93344879150392 94.931701660156264 90.056453704833999 14706.928571428574
decision_type=2 2 2 2 2 2 2
left_child=1 4 3 -2 5 -1 -5
right_child=2 -3 -4 6 -6 -7 -8
leaf_value=0.13597675663843367 -1.2233983993530257 -7.0067813237508139 -1.3134347915649416 5.7870783448219312 4.0137127494812015 -0.99455284927830556 1.4977955954415458
leaf_weight=349 5.0000000000000062 5.9999999999999991 7.9999999999999991 7.9999999999999982 4.9999999999999991 66 7
leaf_count=349 5 6 8 8 5 66 7
internal_value=3.12055e-09 -0.0942646 1.43417 2.53321 0.00448563 -0.0438183 3.78541
internal_weight=454 426 28 20 420 415 15
internal_count=454 426 28 20 420 415 15
is_linear=0
shrinkage=0.05


Tree=124
num_leaves=6
num_cat=0
split_feature=4 2 5 2 2
split_gain=23922.7 20332 13798.9 23576.6 14027.6
threshold=5205.5500488281259 15018.6 83.417049407958999 6449.0000000000009 11541.450000000003
decision_type=2 2 2 2 2
left_child=1 2 3 -1 -4
right_child=-2 -3 4 -5 -6
leaf_value=0.59433045864105238 -3.1362512906392417 2.9330569108327231 0.22502302730449966 -4.2612403106689447 -0.40632844068170559
leaf_weight=4.9999999999999982 5.9999999999999991 5.9999999999999991 309 5 123
leaf_count=5 6 6 309 5 123
internal_value=3.73185e-09 0.0420034 0.0027583 -1.83345 0.0452632
internal_weight=454 448 442 10 432
internal_count=454 448 442 10 432
is_linear=0
shrinkage=0.05


Tree=125
num_leaves=6
num_cat=0
split_feature=0 4 1 4 4
split_gain=24433.6 16836.2 20467.7 15228.5 45844.9
threshold=15104.000000000002 5079.8000488281259 14466.000000000002 4997.5000000000009 4922.0500488281259
decision_type=2 2 2 2 2
left_child=1 3 -3 4 -1
right_child=-2 2 -4 -5 -6
leaf_value=-0.025083582770626695 -3.1695646603902183 4.3370566177368168 0.0055356979370117182 -2.0416250228881836 4.3764641602834073
leaf_weight=422 5.9999999999999991 4.9999999999999982 6 8.9999999999999982 5.9999999999999991
leaf_count=422 6 5 6 9 6
internal_value=-6.29853e-09 0.0424495 1.97441 -0.00618103 0.0366204
internal_weight=454 448 11 437 428
internal_count=454 448 11 437 428
is_linear=0
shrinkage=0.05


Tree=126
num_leaves=8
num_cat=0
split_feature=1 1 1 2 3 2 6
split_gain=22942.3 100434 30980.5 22135.8 34931.1 18665.8 11306.6
threshold=14377.000000000002 14277.500000000002 15027.500000000002 14397.475000000002 14266.449134199136 15018.6 1.0000000180025095e-35
decision_type=2 2 2 2 2 2 2
left_child=1 3 5 4 -1 6 -2
right_child=2 -3 -4 -5 -6 -7 -8
leaf_value=-0.075854581725948 2.8592219625200519 -5.6405623376369478 -1.2433020740747454 3.3219748115539556 4.1288539505004884 4.771552181243897 0.017366818019321984
leaf_weight=408 7.0000000000000053 7.9999999999999991 7.9999999999999991 4.9999999999999991 4.9999999999999991 5.9999999999999991 7
leaf_count=408 7 8 8 5 5 6 7
internal_value=-1.38246e-08 -0.0911245 1.38639 0.0150849 -0.0249501 2.43827 1.43829
internal_weight=454 426 28 418 413 20 14
internal_count=454 426 28 418 413 20 14
is_linear=0
shrinkage=0.05


Tree=127
num_leaves=9
num_cat=0
split_feature=0 7 1 1 2 2 3 1
split_gain=23725.2 13480.1 112867 120358 102150 57664.8 156064 30498.7
threshold=15104.000000000002 2.5000000000000004 9000.5000000000018 11199.500000000002 8327.5000000000018 8897.7500000000018 8288.9199134199152 8954.5000000000018
decision_type=2 2 2 2 2 2 2 2
left_child=1 5 4 -4 -3 6 -1 -7
right_child=-2 2 3 -5 -6 7 -8 -9
leaf_value=0.09521253145658054 -3.1232782840728763 -0.52600223151966929 4.7484917143116823 0.48441270751468207 -7.9465909957885748 -4.041559914180211 6.2976514729586519 -0.66456215547635256
leaf_weight=130 5.9999999999999991 64 23 59 4.9999999999999991 6.9999999999999991 10.999999999999998 149
leaf_count=130 6 64 23 59 5 7 11 149
internal_value=1.40937e-08 0.0418296 0.426481 1.68043 -1.06373 -0.153734 0.579091 -0.816094
internal_weight=454 448 151 82 69 297 141 156
internal_count=454 448 151 82 69 297 141 156
is_linear=0
shrinkage=0.05


Tree=128
num_leaves=6
num_cat=0
split_feature=4 0 3 2 1
split_gain=22509.7 32453.6 14938.3 37461.2 27286.4
threshold=5205.5500488281259 15027.500000000002 14100.91666666667 13594.700000000003 12813.000000000002
decision_type=2 2 2 2 2
left_child=1 2 4 -4 -1
right_child=-2 -3 3 -5 -6
leaf_value=-0.076162771372258339 -3.0422149340311688 3.6933104197184243 2.5119054158528646 -1.8711176707194401 1.1925411313772203
leaf_weight=362 5.9999999999999991 5.9999999999999991 5.9999999999999991 26 48
leaf_count=362 6 6 6 26 48
internal_value=-6.52008e-09 0.0407439 -0.00883841 -1.0493 0.0723684
internal_weight=454 448 442 32 410
internal_count=454 448 442 32 410
is_linear=0
shrinkage=0.05


Tree=129
num_leaves=8
num_cat=0
split_feature=1 0 5 1 5 5 5
split_gain=22677.5 101273 29863.3 28615.7 33426.2 26006.8 18833.5
threshold=14377.000000000002 14806.500000000002 94.931701660156264 15027.500000000002 90.93344879150392 90.056453704833999 91.747497558593764
decision_type=2 2 2 2 2 2 2
left_child=1 2 5 4 -2 -1 -6
right_child=3 -3 -4 -5 6 -7 -8
leaf_value=0.12739501502845213 -1.151148719787596 -6.5406181335449221 3.8426280975341798 -1.1489697739481926 5.7393344243367519 -0.95491856047601409 2.1228703816731769
leaf_weight=349 5.0000000000000062 5.9999999999999991 4.9999999999999991 7.9999999999999991 5.9999999999999991 66 8.9999999999999982
leaf_count=349 5 6 5 8 6 66 9
internal_value=1.13006e-08 -0.090597 0.00154613 1.37837 2.3893 -0.044732 3.56946
internal_weight=454 426 420 28 20 415 15
internal_count=454 426 420 28 20 415 15
is_linear=0
shrinkage=0.05


Tree=130
num_leaves=6
num_cat=0
split_feature=0 4 4 4 3
split_gain=23884.5 16604.8 13730.9 40440 11617.3
threshold=15104.000000000002 5079.8000488281259 4997.5000000000009 4922.0500488281259 14496.976190476193
decision_type=2 2 2 2 2
left_child=1 2 3 -1 -3
right_child=-2 4 -4 -5 -6
leaf_value=-0.023635800666577444 -3.1337431430816651 3.443928209940593 -1.9390890691015459 4.1103180726369226 0.18061985015869139
leaf_weight=422 5.9999999999999991 5.9999999999999982 8.9999999999999982 5.9999999999999991 5
leaf_count=422 6 6 9 6 5
internal_value=1.89087e-08 0.0419698 -0.0063254 0.0343168 1.96061
internal_weight=454 448 437 428 11
internal_count=454 448 437 428 11
is_linear=0
shrinkage=0.05


Tree=131
num_leaves=8
num_cat=0
split_feature=0 5 0 5 2 7 6
split_gain=21555.8 14344.4 101143 66588.6 113688 108282 33147.1
threshold=15104.000000000002 88.661548614501967 11591.500000000002 90.056453704833999 13187.1 2.5000000000000004 1.0000000180025095e-35
decision_type=2 2 2 2 2 2 2
left_child=1 2 6 5 -5 -3 -1
right_child=-2 3 -4 4 -6 -7 -8
leaf_value=-0.1630290573966085 -2.9770561059316001 0.5199055222670238 -7.2050730752944947 -4.260011712710063 0.46562207214356893 6.1397220214207975 2.1097104577457202
leaf_weight=285 5.9999999999999991 30 4.9999999999999991 14.999999999999998 84 11.999999999999998 17
leaf_count=285 6 30 5 15 84 12 17
internal_value=5.96046e-09 0.0398713 -0.151868 0.457347 -0.250383 2.12557 -0.0350934
internal_weight=454 448 307 141 99 42 302
internal_count=454 448 307 141 99 42 302
is_linear=0
shrinkage=0.05


Tree=132
num_leaves=11
num_cat=0
split_feature=5 3 5 2 1 5 1 5 1 0
split_gain=21214.8 135441 72871.3 61540.5 142245 39367.1 144112 66961.3 23455.7 24272.7
threshold=91.972400665283217 13849.983333333335 90.756301879882827 14177.500000000002 12813.000000000002 94.332702636718764 13895.000000000002 94.181598663330092 13766.500000000002 14846.500000000002
decision_type=2 2 2 2 2 2 2 2 2 2
left_child=2 -2 3 4 -1 7 -7 -3 -4 -10
right_child=1 5 8 -5 -6 6 -8 -9 9 -11
leaf_value=-0.063566350134917432 -7.4159611906324123 0.17160408015434558 0.36413928440638932 -4.3804011583328251 8.42821460723877 9.0964875984191842 -1.0069594065348306 -5.3377827916826526 6.0612588882446268 2.2223807239532469
leaf_weight=360 6.9999999999999991 26 7.0000000000000027 7.9999999999999991 4.9999999999999991 5.0000000000000027 11.999999999999998 6.9999999999999991 7.0000000000000027 9.9999999999999982
leaf_count=360 7 26 7 8 5 5 12 7 7 10
internal_value=-9.93274e-09 -0.902028 0.12951 -0.0423218 0.0527594 0.00992303 1.96464 -0.997054 2.80007 3.8031
internal_weight=454 57 397 373 365 50 17 33 24 17
internal_count=454 57 397 373 365 50 17 33 24 17
is_linear=0
shrinkage=0.05


Tree=133
num_leaves=8
num_cat=0
split_feature=0 5 2 6 7 0 3
split_gain=19407.6 12864.1 96540.7 45684.9 40190.6 64119.3 28072
threshold=15104.000000000002 85.162899017333999 8897.7500000000018 1.0000000180025095e-35 1.0000000180025095e-35 11199.500000000002 8288.9199134199152
decision_type=2 2 2 2 2 2 2
left_child=1 2 3 -1 5 -3 -6
right_child=-2 4 -4 -5 6 -7 -8
leaf_value=-0.26548141352529447 -2.8248234430948895 0.44956315143688308 -6.0867395537240165 4.2026175340016687 -0.45980687470432247 -2.7550214054407896 0.79692193146795043
leaf_weight=123 5.9999999999999991 37 6.9999999999999991 5.9999999999999991 58 27 190
leaf_count=123 6 37 7 6 58 27 190
internal_value=1.55966e-09 0.0378325 -0.367983 -0.0576629 0.214726 -0.902371 0.50301
internal_weight=454 448 136 129 312 64 248
internal_count=454 448 136 129 312 64 248
is_linear=0
shrinkage=0.05


Tree=134
num_leaves=6
num_cat=0
split_feature=4 0 3 7 1
split_gain=21288.4 32562.1 14890.2 34324.6 24232.3
threshold=5205.5500488281259 15027.500000000002 14100.91666666667 1.5000000000000002 12813.000000000002
decision_type=2 2 2 2 2
left_child=1 2 4 -4 -1
right_child=-2 -3 3 -5 -6
leaf_value=-0.068938059265113011 -2.9585358619689943 3.6982867399851482 1.5689958585633172 -2.0731916023337322 1.126656673848629
leaf_weight=362 5.9999999999999991 5.9999999999999991 8.9999999999999982 23 48
leaf_count=362 6 6 9 23 48
internal_value=8.88162e-09 0.0396233 -0.0100419 -1.04883 0.071034
internal_weight=454 448 442 32 410
internal_count=454 448 442 32 410
is_linear=0
shrinkage=0.05


Tree=135
num_leaves=12
num_cat=0
split_feature=5 5 5 5 5 5 6 7 2 2 3
split_gain=20129.6 118700 78146.5 55006.3 94903.4 57115.5 46167.7 85363.7 38494.9 35100.1 12925.1
threshold=91.747497558593764 92.144050598144545 90.756301879882827 90.056453704833999 89.902702331542983 90.240798950195327 1.0000000180025095e-35 2.5000000000000004 13857.482142857145 14288.392857142859 14468.944047619048
decision_type=2 2 2 2 2 2 2 2 2 2 2
left_child=2 -2 3 4 -1 -5 8 -8 -3 -4 -11
right_child=1 6 9 5 -6 -7 7 -9 -10 10 -12
leaf_value=0.013016590569439851 -7.5249377091725664 4.7518303871154783 0.49183257818222031 -5.5015257941351976 6.3561081568400066 -0.46320486098527908 -7.0232695261637375 1.8226347565650938 0.084922699238124649 6.4041021664937352 3.2415778296334405
leaf_weight=343 5.9999999999999991 4.9999999999999991 8.0000000000000018 9.0000000000000018 5.9999999999999991 14.999999999999998 5.9999999999999982 5 38 5.9999999999999982 7
leaf_count=343 6 5 8 9 6 15 6 5 38 6 7
internal_value=-4.94791e-09 -0.853164 0.129923 -0.0371594 0.122067 -2.35258 -0.111856 -3.0024 0.627586 3.09763 4.7012
internal_weight=454 60 394 373 349 24 54 11 43 21 13
internal_count=454 60 394 373 349 24 54 11 43 21 13
is_linear=0
shrinkage=0.05


Tree=136
num_leaves=8
num_cat=0
split_feature=1 4 1 4 5 1 1
split_gain=21505.7 85862.6 30614.7 19691.4 11903.8 13414.1 1691.79
threshold=14637.000000000002 5171.9499511718759 15027.500000000002 5099.4499511718759 83.417049407958999 11537.000000000002 6476.5000000000009
decision_type=2 2 2 2 2 2 2
left_child=1 4 3 -2 6 -6 -1
right_child=2 -3 -4 -5 5 -7 -8
leaf_value=-1.0558130645751955 1.3109202504158015 -6.5918294906616213 -0.94249013066291809 5.1001573244730629 0.20401476197040236 -0.4493358661234379 -2.356502337455749
leaf_weight=4.9999999999999982 8.0000000000000018 4.9999999999999991 7.9999999999999991 5.9999999999999991 312 105 5
leaf_count=5 8 5 8 6 312 105 5
internal_value=5.13663e-10 -0.0776583 1.52493 2.93488 -0.00137995 0.039502 -1.70616
internal_weight=454 432 22 14 427 417 10
internal_count=454 432 22 14 427 417 10
is_linear=0
shrinkage=0.05


Tree=137
num_leaves=9
num_cat=0
split_feature=1 0 0 0 0 5 5 7
split_gain=19869.3 88189.9 29038.7 32749.5 45930.2 25479.8 22387.8 4631.45
threshold=14377.000000000002 14806.500000000002 14913.000000000002 14528.500000000002 14102.500000000002 94.931701660156264 93.065097808837905 2.5000000000000004
decision_type=2 2 2 2 2 2 2 2
left_child=1 5 3 4 -2 6 -1 -4
right_child=2 -3 7 -5 -6 -7 -8 -9
leaf_value=0.05721787014056854 -1.1580226898193346 -6.1037923336029056 4.5265534210205089 -2.5834836312702727 5.3306340599060054 3.549172229766846 -1.4068642846175603 2.3744738864898678
leaf_weight=387 6.0000000000000053 5.9999999999999991 4.9999999999999982 6.9999999999999991 5 4.9999999999999991 28 5
leaf_count=387 6 6 5 7 5 5 28 5
internal_value=1.80652e-08 -0.0848023 1.29021 0.090036 1.79137 0.00118328 -0.0415636 3.45051
internal_weight=454 426 28 18 11 420 415 10
internal_count=454 426 28 18 11 420 415 10
is_linear=0
shrinkage=0.05


Tree=138
num_leaves=7
num_cat=0
split_feature=0 4 1 0 4 7
split_gain=20465.3 15389.6 17035.4 13184.2 20311.7 3915.13
threshold=15104.000000000002 5079.8000488281259 14466.000000000002 6403.5000000000009 2452.450073242188 1.5000000000000002
decision_type=2 2 2 2 2 2
left_child=1 3 -3 5 -5 -1
right_child=-2 2 -4 4 -6 -7
leaf_value=2.3641293661934992 -2.9007779916127525 4.0414050292968762 0.0897216796875 -1.3098768925666811 0.039759725593219553 0.62356414099534341
leaf_weight=6.9999999999999982 5.9999999999999991 4.9999999999999982 6 30 394 6
leaf_count=7 6 5 6 30 394 6
internal_value=6.14755e-09 0.0388497 1.88594 -0.00764459 -0.0557334 1.56079
internal_weight=454 448 11 437 424 13
internal_count=454 448 11 437 424 13
is_linear=0
shrinkage=0.05


Tree=139
num_leaves=6
num_cat=0
split_feature=4 2 2 5 3
split_gain=19956.7 18515.7 12319.1 19494.8 5278.09
threshold=5205.5500488281259 15018.6 6419.041666666667 83.45420074462892 6508.5669934640528
decision_type=2 2 2 2 2
left_child=1 2 4 -4 -1
right_child=-2 -3 3 -5 -6
leaf_value=0.72079904526472105 -2.8645061492919925 2.7972713311513266 -2.2268014544248582 0.0070328096643552584 2.791656055450439
leaf_weight=7.9999999999999982 5.9999999999999991 5.9999999999999991 9.9999999999999982 419 5
leaf_count=8 6 6 10 419 5
internal_value=-7.85101e-09 0.0383639 0.000912682 -0.0450379 1.51728
internal_weight=454 448 442 429 13
internal_count=454 448 442 429 13
is_linear=0
shrinkage=0.05


Tree=140
num_leaves=6
num_cat=0
split_feature=0 4 1 4 4
split_gain=18769.4 14511.3 15644.5 12961.7 34076.1
threshold=15104.000000000002 5079.8000488281259 14466.000000000002 4997.5000000000009 4922.0500488281259
decision_type=2 2 2 2 2
left_child=1 3 -3 4 -1
right_child=-2 2 -4 -5 -6
leaf_value=-0.021653086508478598 -2.7779874006907148 3.8964138984680186 0.1094909350077311 -1.8857960018846727 3.7731127421061199
leaf_weight=422 5.9999999999999991 4.9999999999999982 6 8.9999999999999982 5.9999999999999991
leaf_count=422 6 5 6 9 6
internal_value=1.3818e-09 0.0372052 1.83082 -0.007943 0.0315446
internal_weight=454 448 11 437 428
internal_count=454 448 11 437 428
is_linear=0
shrinkage=0.05


Tree=141
num_leaves=8
num_cat=0
split_feature=1 0 0 0 1 5 0
split_gain=19359.2 96676.8 35282.2 27774.6 24202.6 23448.5 7034.85
threshold=14637.000000000002 14913.000000000002 15001.500000000002 14528.500000000002 15027.500000000002 94.931701660156264 14351.000000000002
decision_type=2 2 2 2 2 2 2
left_child=1 3 4 5 6 -1 -2
right_child=2 -3 -4 -5 -6 -7 -8
leaf_value=-0.074174389796084678 0.40080505371093705 -6.3762628157933561 4.7166196823120119 3.3929216702779139 -2.2898793756961822 3.3704564094543459 3.0531336402893063
leaf_weight=415 5.0000000000000053 5.9999999999999991 5.9999999999999991 5.9999999999999991 5.9999999999999991 4.9999999999999991 5
leaf_count=415 5 6 6 6 6 5 5
internal_value=-2.82269e-09 -0.0736809 1.44682 0.0150879 0.220651 -0.0331669 1.72697
internal_weight=454 432 22 426 16 420 10
internal_count=454 432 22 426 16 420 10
is_linear=0
shrinkage=0.05


Tree=142
num_leaves=5
num_cat=0
split_feature=4 0 4 0
split_gain=18445.8 27857.3 12189.3 13664
threshold=5205.5500488281259 15027.500000000002 5062.2998046875009 14351.000000000002
decision_type=2 2 2 2
left_child=1 2 3 -1
right_child=-2 -3 -4 -5
leaf_value=-0.020714416623256782 -2.7539402961730959 3.4209258516629539 -1.9430203914642334 1.6903108437856038
leaf_weight=422 5.9999999999999991 5.9999999999999991 7.9999999999999991 11.999999999999998
leaf_count=422 6 6 8 12
internal_value=-7.68362e-09 0.0368831 -0.00905411 0.026595
internal_weight=454 448 442 434
internal_count=454 448 442 434
is_linear=0
shrinkage=0.05


Tree=143
num_leaves=11
num_cat=0
split_feature=5 3 5 4 2 6 7 2 2 3
split_gain=17976 113459 59181 64095.2 60974.3 45216.9 74310.8 30891 20296.3 10739.4
threshold=91.972400665283217 13849.983333333335 90.756301879882827 4976.0500488281259 13187.1 1.0000000180025095e-35 2.5000000000000004 13857.482142857145 14288.392857142859 14468.944047619048
decision_type=2 2 2 2 2 2 2 2 2 2
left_child=2 -2 3 4 -1 7 -7 -3 -4 -10
right_child=1 5 8 -5 -6 6 -8 -9 9 -11
leaf_value=-0.042096996126253963 -6.7922686713082463 4.4724071502685545 0.4695698738098143 -5.6586276245117197 5.0399343490600588 -6.5783888181050632 1.6749868607521057 0.26326102719587435 5.0228591442108161 2.4116045633951826
leaf_weight=362 6.9999999999999991 4.9999999999999991 8.0000000000000018 4.9999999999999991 5.9999999999999991 5.9999999999999982 5 34 6.9999999999999991 8.9999999999999982
leaf_count=362 7 5 8 5 6 6 5 34 7 9
internal_value=1.79864e-09 -0.830322 0.119215 -0.0356371 0.0407622 0.00435024 -2.82685 0.802895 2.52588 3.55403
internal_weight=454 57 397 373 368 50 11 39 24 16
internal_count=454 57 397 373 368 50 11 39 24 16
is_linear=0
shrinkage=0.05


Tree=144
num_leaves=7
num_cat=0
split_feature=0 4 1 0 0 0
split_gain=18905 12723.6 14594.9 12281.7 145552 62824.3
threshold=15104.000000000002 5079.8000488281259 14466.000000000002 11809.000000000002 12001.000000000002 11421.500000000002
decision_type=2 2 2 2 2 2
left_child=1 3 -3 5 -5 -1
right_child=-2 2 -4 4 -6 -7
leaf_value=-0.0088364108680532537 -2.788005614280701 3.7119471931457526 0.054257329305013015 -8.0349709987640381 -0.023766331389112383 3.2035920996218921
leaf_weight=312 5.9999999999999991 4.9999999999999982 6 5.9999999999999991 103 15.999999999999998
leaf_count=312 6 5 6 6 103 16
internal_value=3.37738e-09 0.0373394 1.71684 -0.00493649 -0.46475 0.147867
internal_weight=454 448 11 437 109 328
internal_count=454 448 11 437 109 328
is_linear=0
shrinkage=0.05


Tree=145
num_leaves=8
num_cat=0
split_feature=1 2 1 3 3 1 5
split_gain=15978.5 56905.2 26359.1 14389.1 13369.2 33525.2 23780.4
threshold=14637.000000000002 14748.400000000001 15027.500000000002 14706.928571428574 14100.91666666667 13650.500000000002 94.558399200439467
decision_type=2 2 2 2 2 2 2
left_child=1 4 3 -2 6 -6 -1
right_child=2 -3 -4 -5 5 -7 -8
leaf_value=0.0011718183868477869 4.2256925582885732 -5.3700793170928955 -0.97507246732711794 1.0197753225054058 2.3387218189239487 -2.3517947793006897 2.6002880414326985
leaf_weight=397 7.0000000000000018 4.9999999999999991 7.9999999999999991 7 5.0000000000000027 15.999999999999998 8.9999999999999982
leaf_count=397 7 5 8 7 5 16 9
internal_value=-9.38379e-09 -0.0669391 1.31444 2.62273 -0.00484146 -1.23501 0.0587877
internal_weight=454 432 22 14 427 21 406
internal_count=454 432 22 14 427 21 406
is_linear=0
shrinkage=0.05


Tree=146
num_leaves=11
num_cat=0
split_feature=5 3 5 2 1 6 7 1 2 3
split_gain=16746.8 100479 53791.9 50364 121258 40985.5 66136.3 38185.2 18483.2 10401.1
threshold=91.972400665283217 13849.983333333335 90.756301879882827 14177.500000000002 12813.000000000002 1.0000000180025095e-35 2.5000000000000004 13809.500000000002 14288.392857142859 14468.944047619048
decision_type=2 2 2 2 2 2 2 2 2 2
left_child=2 -2 3 4 -1 7 -7 -3 -4 -10
right_child=1 5 8 -5 -6 6 -8 -9 9 -11
leaf_value=-0.053953538508050972 -6.4119802474975591 4.4134703397750856 0.44722108840942365 -3.9570025324821474 7.7863945770263676 -6.2506153742472348 1.5355844545364379 0.077191377047336474 4.8362008435385571 2.2664043320549858
leaf_weight=360 6.9999999999999991 5.9999999999999991 8.0000000000000018 7.9999999999999991 4.9999999999999991 5.9999999999999982 5 33 6.9999999999999991 8.9999999999999982
leaf_count=360 7 6 8 8 5 6 5 33 7 9
internal_value=-4.09946e-09 -0.80143 0.115067 -0.0325665 0.0534485 -0.0159526 -2.71143 0.744311 2.40953 3.39069
internal_weight=454 57 397 373 365 50 11 39 24 16
internal_count=454 57 397 373 365 50 11 39 24 16
is_linear=0
shrinkage=0.05


Tree=147
num_leaves=7
num_cat=0
split_feature=4 4 4 4 5 5
split_gain=17799.7 13412 11080.6 94114.9 48355.1 616.115
threshold=5205.5500488281259 5079.8000488281259 4491.1499023437509 4579.3999023437509 88.661548614501967 91.747497558593764
decision_type=2 2 2 2 2 2
left_child=1 2 4 -4 -1 -3
right_child=-2 5 3 -5 -6 -7
leaf_value=-0.13447101748144977 -2.7052779833475751 2.2392640686035161 -5.3547124597761373 0.090908974520306093 1.4754143249446696 1.4543342208862304
leaf_weight=307 5.9999999999999991 4.9999999999999982 8.9999999999999982 67 55 5
leaf_count=307 6 5 9 67 55 5
internal_value=-3.94848e-09 0.0362314 -0.00510577 -0.553967 0.110125 1.8468
internal_weight=454 448 438 76 362 10
internal_count=454 448 438 76 362 10
is_linear=0
shrinkage=0.05


Tree=148
num_leaves=6
num_cat=0
split_feature=0 4 0 5 7
split_gain=17351.8 12193.2 10997.1 14593.3 2276.9
threshold=15104.000000000002 5171.9499511718759 6388.5000000000009 85.162899017333999 1.5000000000000002
decision_type=2 2 2 2 2
left_child=1 2 4 -4 -1
right_child=-2 -3 3 -5 -6
leaf_value=2.3990826416015629 -2.6710261821746828 2.2746234575907391 -0.48544090867988648 0.15391452846549503 0.89014203548431381
leaf_weight=4.9999999999999982 5.9999999999999991 5.9999999999999991 126 306 5
leaf_count=5 6 6 126 306 5
internal_value=-3.84427e-09 0.0357727 0.00538103 -0.0325641 1.64461
internal_weight=454 448 442 432 10
internal_count=454 448 442 432 10
is_linear=0
shrinkage=0.05


Tree=149
num_leaves=9
num_cat=0
split_feature=0 7 5 1 0 3 5 0
split_gain=15660 10439.3 91714 188969 50229 117677 45409.8 26066.8
threshold=15104.000000000002 2.5000000000000004 87.231151580810561 11199.500000000002 8827.0000000000018 8288.9199134199152 94.558399200439467 7161.5000000000009
decision_type=2 2 2 2 2 2 2 2
left_child=1 4 7 -4 5 -1 -6 -3
right_child=-2 2 3 -5 6 -7 -8 -9
leaf_value=0.1256559487948051 -2.5374748547871908 0.28511422372633416 6.6405243174235027 0.35546412359433788 -0.95462964528517158 5.5115468198602855 2.9128785490989686 -1.590740699839333
leaf_weight=130 5.9999999999999991 31 14.999999999999998 59 148 10.999999999999998 7.9999999999999991 46
leaf_count=130 6 31 15 59 148 11 8 46
internal_value=-6.78419e-09 0.033984 0.372482 1.62946 -0.138114 0.545832 -0.756296 -0.835526
internal_weight=454 448 151 74 297 141 156 77
internal_count=454 448 151 74 297 141 156 77
is_linear=0
shrinkage=0.05


Tree=150
num_leaves=8
num_cat=0
split_feature=1 1 1 5 2 2 5
split_gain=15686.9 66708.8 19948.4 23921.5 16475.2 23905.9 14272.2
threshold=14377.000000000002 14277.500000000002 15104.000000000002 90.93344879150392 14397.475000000002 14252.533333333335 91.747497558593764
decision_type=2 2 2 2 2 2 2
left_child=1 4 3 -2 5 -1 -5
right_child=2 -3 -4 6 -6 -7 -8
leaf_value=0.036593284027156406 -1.1967634773254379 -4.5980721741914747 -1.4091276446978251 4.6991265614827453 2.8641095352172852 -2.4382339224219325 1.6675538539886476
leaf_weight=403 5.0000000000000062 7.9999999999999991 5.9999999999999991 6.0000000000000027 4.9999999999999991 9.9999999999999982 10.999999999999998
leaf_count=403 5 8 6 6 5 10 11
internal_value=-1.53541e-08 -0.0753504 1.1464 1.84337 0.0112089 -0.0233299 2.73752
internal_weight=454 426 28 22 418 413 17
internal_count=454 426 28 22 418 413 17
is_linear=0
shrinkage=0.05


Tree=151
num_leaves=5
num_cat=0
split_feature=4 0 4 0
split_gain=16838 24444.3 12094.4 11954.7
threshold=5205.5500488281259 15027.500000000002 5062.2998046875009 14351.000000000002
decision_type=2 2 2 2
left_child=1 2 3 -1
right_child=-2 -3 -4 -5
leaf_value=-0.016533760740576199 -2.6311785221099857 3.2052079717318218 -1.934211254119873 1.583896557490031
leaf_weight=422 5.9999999999999991 5.9999999999999991 7.9999999999999991 11.999999999999998
leaf_count=422 6 6 8 12
internal_value=-3.69575e-09 0.035239 -0.00779226 0.0277178
internal_weight=454 448 442 434
internal_count=454 448 442 434
is_linear=0
shrinkage=0.05


Tree=152
num_leaves=6
num_cat=0
split_feature=0 4 2 4 1
split_gain=15880.6 11621.7 10527.6 15003.2 3277.48
threshold=15104.000000000002 5171.9499511718759 6407.7500000000009 2421.9499511718755 6406.5000000000009
decision_type=2 2 2 2 2
left_child=1 2 4 -4 -1
right_child=-2 -3 3 -5 -6
leaf_value=2.5135993766784672 -2.5552788575490317 2.2199801127115886 -1.1518352651170323 0.044997752959480386 0.70321834564208974
leaf_weight=4.9999999999999982 5.9999999999999991 5.9999999999999991 28 404 5
leaf_count=5 6 6 28 404 5
internal_value=2.01527e-09 0.0342225 0.00455157 -0.0325748 1.60841
internal_weight=454 448 442 432 10
internal_count=454 448 442 432 10
is_linear=0
shrinkage=0.05


Tree=153
num_leaves=6
num_cat=0
split_feature=4 0 3 4 3
split_gain=15580.6 23036.7 11770.3 25706.4 24486.7
threshold=5205.5500488281259 15027.500000000002 14086.837962962965 4656.9499511718759 12564.150000000003
decision_type=2 2 2 2 2
left_child=1 2 4 -4 -1
right_child=-2 -3 3 -5 -6
leaf_value=-0.059013825968364492 -2.5310308297475181 3.1112486839294435 0.75017705261707313 -1.8163890905380251 1.2169416903030306
leaf_weight=359 5.9999999999999991 5.9999999999999991 15.999999999999998 25 42
leaf_count=359 6 6 16 25 42
internal_value=3.82376e-10 0.0338977 -0.00787626 -0.814802 0.0746274
internal_weight=454 448 442 41 401
internal_count=454 448 442 41 401
is_linear=0
shrinkage=0.05


Tree=154
num_leaves=10
num_cat=0
split_feature=1 4 1 4 5 6 1 5 2
split_gain=14204 70567.2 132904 33195.1 29205.1 18999.4 27703.5 16205.2 6624.82
threshold=14377.000000000002 4997.5000000000009 14102.500000000002 4788.8000488281259 90.056453704833999 1.0000000180025095e-35 14851.000000000002 93.009449005126967 15018.6
decision_type=2 2 2 2 2 2 2 2 2
left_child=1 3 -3 4 -1 6 -2 -5 -8
right_child=5 2 -4 7 -6 -7 8 -9 -10
leaf_value=0.11528390333333978 4.7976054986317926 1.5418668365478521 -9.9865162277221664 3.9104889988899241 -1.1342332565122182 -0.80154545572068925 -0.20212448537349706 0.2818918645381927 2.1179325103759763
leaf_weight=349 6.0000000000000027 4.9999999999999982 5 7.9999999999999982 54 9.0000000000000018 7.9999999999999982 5 5
leaf_count=349 6 5 5 8 54 9 8 5 5
internal_value=2.9269e-09 -0.0717004 -4.22232 0.0280742 -0.0521452 1.09087 1.98728 2.51487 0.690205
internal_weight=454 426 10 416 403 28 19 13 13
internal_count=454 426 10 416 403 28 19 13 13
is_linear=0
shrinkage=0.05


Tree=155
num_leaves=6
num_cat=0
split_feature=0 4 2 4 4
split_gain=14811.1 11226.7 9671.74 15927 4849.77
threshold=15104.000000000002 5171.9499511718759 6419.041666666667 2452.450073242188 2371.2500000000005
decision_type=2 2 2 2 2
left_child=1 2 4 -4 -1
right_child=-2 -3 3 -5 -6
leaf_value=0.58399993479251877 -2.4677377144495649 2.1813342094421388 -1.1478789614637692 0.046710585952178585 2.5690537357330321
leaf_weight=7.9999999999999982 5.9999999999999991 5.9999999999999991 30 399 5
leaf_count=8 6 6 30 399 5
internal_value=4.57702e-09 0.0330501 0.00388784 -0.0368271 1.34748
internal_weight=454 448 442 429 13
internal_count=454 448 442 429 13
is_linear=0
shrinkage=0.05


Tree=156
num_leaves=7
num_cat=0
split_feature=4 4 1 3 3 5
split_gain=14737.7 12759.9 10493.4 127064 51210.5 729.902
threshold=5205.5500488281259 5079.8000488281259 11537.000000000002 11365.694444444447 9326.9705882352955 91.747497558593764
decision_type=2 2 2 2 2 2
left_child=1 2 4 -4 -1 -3
right_child=-2 5 3 -5 -6 -7
leaf_value=-0.12113958071307702 -2.4616145451863609 2.2261420822143561 -8.2121207427978522 -0.063880647504114887 1.6647813279578028 1.3717990684509276
leaf_weight=275 5.9999999999999991 4.9999999999999982 4.9999999999999991 111 47 5
leaf_count=275 6 5 5 111 47 5
internal_value=1.35062e-09 0.0329681 -0.00735164 -0.415098 0.139538 1.79897
internal_weight=454 448 438 116 322 10
internal_count=454 448 438 116 322 10
is_linear=0
shrinkage=0.05


Tree=157
num_leaves=6
num_cat=0
split_feature=0 4 2 2 3
split_gain=13365.4 10583.3 9195.54 66183.6 60634.3
threshold=15104.000000000002 5171.9499511718759 11541.450000000003 11228.900000000003 11421.151190476192
decision_type=2 2 2 2 2
left_child=1 2 3 -1 -4
right_child=-2 -3 4 -5 -6
leaf_value=-0.015282670419516141 -2.3442064205805462 2.1172189394632976 -4.8833405085972386 3.386905045509339 -0.091485655538994695
leaf_weight=304 5.9999999999999991 5.9999999999999991 6.9999999999999991 14.999999999999998 116
leaf_count=304 6 6 7 15 116
internal_value=-1.35308e-09 0.0313956 0.00308128 0.144695 -0.364193
internal_weight=454 448 442 319 123
internal_count=454 448 442 319 123
is_linear=0
shrinkage=0.05


Tree=158
num_leaves=6
num_cat=0
split_feature=4 0 4 7 3
split_gain=13821 21721.7 9399.25 83015.9 82766.7
threshold=5171.9499511718759 15027.500000000002 3328.450073242188 2.5000000000000004 8288.9199134199152
decision_type=2 2 2 2 2
left_child=1 2 4 -4 -1
right_child=-2 -3 3 -5 -6
leaf_value=-0.1915514739515374 -2.0598424196243288 3.3140055418014529 -0.99462618065395747 1.0856727698147297 2.3868276659701322
leaf_weight=196 7.9999999999999991 4.9999999999999991 133 75 37
leaf_count=196 8 5 133 75 37
internal_value=-2.62658e-09 0.0369478 -0.000207006 -0.244518 0.217891
internal_weight=454 446 441 208 233
internal_count=454 446 441 208 233
is_linear=0
shrinkage=0.05


Tree=159
num_leaves=9
num_cat=0
split_feature=1 0 0 1 0 5 5 0
split_gain=13014.6 65726 23266.9 25157.2 30092.2 19596.8 17067.3 3941.26
threshold=14377.000000000002 14806.500000000002 14913.000000000002 14696.500000000002 14153.500000000002 94.931701660156264 90.056453704833999 15104.000000000002
decision_type=2 2 2 2 2 2 2 2
left_child=1 5 3 -2 -5 6 -1 -4
right_child=2 -3 7 4 -6 -7 -8 -9
leaf_value=0.10754958601684489 2.983956985473629 -5.2647967656453458 1.9853023147583013 -4.2322354125976558 0.71245315074920657 3.1171531867980957 -0.76923248002474964 3.9705627155303951
leaf_weight=349 5.0000000000000062 5.9999999999999991 4.9999999999999982 4.9999999999999991 7.9999999999999991 4.9999999999999991 66 5
leaf_count=349 5 6 5 5 8 5 66 5
internal_value=1.18947e-08 -0.0686328 1.0442 -0.0300982 -1.18935 0.00559816 -0.0318905 2.97793
internal_weight=454 426 28 18 13 420 415 10
internal_count=454 426 28 18 13 420 415 10
is_linear=0
shrinkage=0.05


Tree=160
num_leaves=7
num_cat=0
split_feature=0 5 0 5 5 6
split_gain=14299 10608.4 84222.1 52563 45588.4 34488.3
threshold=15104.000000000002 88.661548614501967 11514.000000000002 88.722248077392592 88.776298522949233 1.0000000180025095e-35
decision_type=2 2 2 2 2 2
left_child=1 2 5 -3 -5 -1
right_child=-2 3 -4 4 -6 -7
leaf_value=-0.14230403339915107 -2.4246987024943039 4.088631954458025 -5.9981399893760683 -4.1187264124552412 0.34218113305313247 2.2433457374572754
leaf_weight=285 5.9999999999999991 8.9999999999999982 5.9999999999999991 5.9999999999999991 126 15.999999999999998
leaf_count=285 6 9 6 6 126 16
internal_value=4.42604e-09 0.0324736 -0.132417 0.39149 0.139413 -0.0154921
internal_weight=454 448 307 141 132 301
internal_count=454 448 307 141 132 301
is_linear=0
shrinkage=0.05


Tree=161
num_leaves=6
num_cat=0
split_feature=0 4 0 5 7
split_gain=12904.8 10628.2 9046.49 15045.9 3072.75
threshold=15104.000000000002 5171.9499511718759 6403.5000000000009 83.45420074462892 1.5000000000000002
decision_type=2 2 2 2 2
left_child=1 2 4 -4 -1
right_child=-2 -3 3 -5 -6
leaf_value=2.0136014120919365 -2.3034639279047648 2.121095943450928 -1.9536191272735597 0.008843686657697674 0.47161390384038288
leaf_weight=6.9999999999999982 5.9999999999999991 5.9999999999999991 9.9999999999999982 419 6
leaf_count=7 6 6 10 419 6
internal_value=-2.55991e-09 0.03085 0.00247558 -0.0369014 1.30191
internal_weight=454 448 442 429 13
internal_count=454 448 442 429 13
is_linear=0
shrinkage=0.05


Tree=162
num_leaves=6
num_cat=0
split_feature=4 0 3 0 3
split_gain=12566.6 19689.7 9261.57 11974.2 8612.65
threshold=5171.9499511718759 15027.500000000002 14522.833333333334 14528.500000000002 14824.560606060608
decision_type=2 2 2 2 2
left_child=1 2 3 -1 -4
right_child=-2 -3 4 -5 -6
leaf_value=0.0067187347176350457 -1.9641410827636721 3.1552460289001467 -2.5022733960832872 2.2561646699905396 0.21475994586944577
leaf_weight=423 7.9999999999999991 4.9999999999999991 6.9999999999999982 5.9999999999999991 5
leaf_count=423 8 5 7 6 5
internal_value=5.38895e-10 0.0352312 -0.000143087 0.0381795 -1.37018
internal_weight=454 446 441 429 12
internal_count=454 446 441 429 12
is_linear=0
shrinkage=0.05


Tree=163
num_leaves=7
num_cat=0
split_feature=1 0 0 0 4 3
split_gain=13039 70160.3 27291.8 22368.4 27977 21113.4
threshold=14637.000000000002 14913.000000000002 15001.500000000002 14528.500000000002 4997.5000000000009 14706.928571428574
decision_type=2 2 2 2 2 2
left_child=1 3 5 4 -1 -2
right_child=2 -3 -4 -5 -6 -7
leaf_value=0.016640443011405822 1.7107987721761058 -5.4295865853627525 4.0631951491038008 3.0464703241984052 -3.7459425354003906 -1.9505337544849941
leaf_weight=415 9.0000000000000053 5.9999999999999991 5.9999999999999991 5.9999999999999991 4.9999999999999991 6.9999999999999991
leaf_count=415 9 6 6 6 5 7
internal_value=-6.23666e-09 -0.060469 1.18739 0.0151523 -0.0281522 0.108966
internal_weight=454 432 22 426 420 16
internal_count=454 432 22 426 420 16
is_linear=0
shrinkage=0.05


Tree=164
num_leaves=6
num_cat=0
split_feature=0 4 5 4 5
split_gain=12929.6 10975.2 8929.89 77130.6 62533.4
threshold=15104.000000000002 5171.9499511718759 94.332702636718764 4677.8500976562509 94.181598663330092
decision_type=2 2 2 2 2
left_child=1 2 4 -4 -1
right_child=-2 -3 3 -5 -6
leaf_value=0.03327525898617191 -2.3056764841079711 2.1549645741780599 3.4955879847208653 -3.1086177280970984 -4.7321382318224225
leaf_weight=416 5.9999999999999991 5.9999999999999991 12.000000000000002 6.9999999999999991 6.9999999999999991
leaf_count=416 6 6 12 7 7
internal_value=8.27933e-10 0.0308796 0.00204586 1.06246 -0.045585
internal_weight=454 448 442 19 423
internal_count=454 448 442 19 423
is_linear=0
shrinkage=0.05


Tree=165
num_leaves=8
num_cat=0
split_feature=1 0 0 4 0 4 5
split_gain=11976.3 62610.4 25841.7 19336.3 19286.9 25273.3 12693.8
threshold=14637.000000000002 14913.000000000002 15001.500000000002 4859.5000000000009 14528.500000000002 4997.5000000000009 91.747497558593764
decision_type=2 2 2 2 2 2 2
left_child=1 4 3 -2 5 -1 -5
right_child=2 -3 -4 6 -6 -7 -8
leaf_value=0.015846325532050738 2.6667409515380824 -5.1299673159917205 3.9363366524378458 0.77733692169189472 2.8282687822977706 -3.5603091430664069 -2.6338163415590921
leaf_weight=415 5.0000000000000062 5.9999999999999991 5.9999999999999991 4.9999999999999982 5.9999999999999991 4.9999999999999991 6
leaf_count=415 5 6 6 5 6 5 6
internal_value=-1.30016e-09 -0.0579526 1.13798 0.0885932 0.0134843 -0.026727 -1.08329
internal_weight=454 432 22 16 426 420 11
internal_count=454 432 22 16 426 420 11
is_linear=0
shrinkage=0.05


Tree=166
num_leaves=6
num_cat=0
split_feature=0 4 2 5 0
split_gain=12161.1 10150 8195.29 13630 4446.07
threshold=15104.000000000002 5171.9499511718759 6419.041666666667 83.45420074462892 6368.0000000000009
decision_type=2 2 2 2 2
left_child=1 2 4 -4 -1
right_child=-2 -3 3 -5 -6
leaf_value=0.24025852680206305 -2.2361046890417735 2.0726223309834797 -1.859562306404114 0.0082800096741083989 2.0950922966003414
leaf_weight=5.9999999999999982 5.9999999999999991 5.9999999999999991 9.9999999999999982 419 7
leaf_count=6 6 6 10 419 7
internal_value=8.98254e-09 0.0299478 0.00221923 -0.0352594 1.23902
internal_weight=454 448 442 429 13
internal_count=454 448 442 429 13
is_linear=0
shrinkage=0.05


Tree=167
num_leaves=8
num_cat=0
split_feature=1 0 0 1 0 5 5
split_gain=11384.5 54631.3 21016.1 27098.8 31699.4 17749.1 15630.1
threshold=14377.000000000002 14806.500000000002 15104.000000000002 14696.500000000002 14153.500000000002 94.931701660156264 90.056453704833999
decision_type=2 2 2 2 2 2 2
left_child=1 5 3 -2 -5 6 -1
right_child=2 -3 -4 4 -6 -7 -8
leaf_value=0.10124794352148531 2.9326579366411454 -4.8015344957510635 3.9145776414871216 -4.0982709503173833 0.70319481762972746 2.9647166824340823 -0.73780588978957962
leaf_weight=349 7.0000000000000062 5.9999999999999991 4.9999999999999991 4.9999999999999991 10.999999999999998 4.9999999999999991 66
leaf_count=349 7 6 5 5 11 5 66
internal_value=4.42029e-09 -0.0641908 0.976617 0.33793 -0.797263 0.00348554 -0.0321919
internal_weight=454 426 28 23 16 420 415
internal_count=454 426 28 23 16 420 415
is_linear=0
shrinkage=0.05


Tree=168
num_leaves=7
num_cat=0
split_feature=0 5 0 1 7 3
split_gain=12284.2 10563.7 76481.9 48719.1 26327.4 12340.7
threshold=15104.000000000002 88.661548614501967 11591.500000000002 10885.000000000002 1.0000000180025095e-35 9326.9705882352955
decision_type=2 2 2 2 2 2
left_child=1 2 5 -3 -5 -1
right_child=-2 3 -4 4 -6 -7
leaf_value=-0.13304851853576574 -2.24739392499129 3.9477494703398812 -6.2678075242042546 -1.315187177658081 0.4869959455018289 0.98715238306257458
leaf_weight=275 5.9999999999999991 8.9999999999999982 4.9999999999999991 25 107 27
leaf_count=275 6 9 5 25 107 27
internal_value=5.58301e-09 0.030099 -0.134444 0.388359 0.145673 -0.0328981
internal_weight=454 448 307 141 132 302
internal_count=454 448 307 141 132 302
is_linear=0
shrinkage=0.05


Tree=169
num_leaves=6
num_cat=0
split_feature=4 0 1 7 1
split_gain=11440.6 17337.4 10531.1 33851.7 20272.4
threshold=5171.9499511718759 15001.500000000002 14806.500000000002 2.5000000000000004 14466.000000000002
decision_type=2 2 2 2 2
left_child=1 2 4 -4 -1
right_child=-2 -3 3 -5 -6
leaf_value=-0.0039018419740752411 -1.8740803599357605 2.5023715142692842 -4.0653717756271375 1.5051508712768553 3.1986000823974612
leaf_weight=423 7.9999999999999991 6.9999999999999991 5.9999999999999982 5 4.9999999999999991
leaf_count=423 8 7 6 5 5
internal_value=5.90303e-09 0.0336158 -0.00574933 -1.53332 0.0335106
internal_weight=454 446 439 11 428
internal_count=454 446 439 11 428
is_linear=0
shrinkage=0.05


Tree=170
num_leaves=6
num_cat=0
split_feature=0 4 5 4 5
split_gain=11635 9974.31 8211.12 69105.1 55805.3
threshold=15104.000000000002 5171.9499511718759 94.332702636718764 4677.8500976562509 94.181598663330092
decision_type=2 2 2 2 2
left_child=1 2 4 -4 -1
right_child=-2 -3 3 -5 -6
leaf_value=0.030628691343232418 -2.1872020656863849 2.0542128086090088 3.3217155118783306 -2.9294693946838382 -4.4711293356759212
leaf_weight=416 5.9999999999999991 5.9999999999999991 12.000000000000002 6.9999999999999991 6.9999999999999991
leaf_count=416 6 6 12 7 7
internal_value=-1.0823e-08 0.0292929 0.00180527 1.01865 -0.0438685
internal_weight=454 448 442 19 423
internal_count=454 448 442 19 423
is_linear=0
shrinkage=0.05


Tree=171
num_leaves=5
num_cat=0
split_feature=4 0 3 5
split_gain=10909.5 16470.8 13455.9 10283.2
threshold=5171.9499511718759 15001.500000000002 14706.928571428574 88.661548614501967
decision_type=2 2 2 2
left_child=1 2 3 -1
right_child=-2 -3 -4 -5
leaf_value=-0.12905801147562287 -1.8300693511962891 2.4390881036009109 -2.3571338733037313 0.40738533094880131
leaf_weight=307 7.9999999999999991 6.9999999999999991 5.9999999999999991 126
leaf_count=307 8 7 6 126
internal_value=1.87742e-09 0.0328264 -0.00554228 0.0270433
internal_weight=454 446 439 433
internal_count=454 446 439 433
is_linear=0
shrinkage=0.05


Tree=172
num_leaves=7
num_cat=0
split_feature=1 0 1 0 4 0
split_gain=11362.8 52782.6 23567.4 17656.6 23332.9 12872.5
threshold=14637.000000000002 14913.000000000002 15027.500000000002 14528.500000000002 4997.5000000000009 14351.000000000002
decision_type=2 2 2 2 2 2
left_child=1 3 5 4 -1 -2
right_child=2 -3 -4 -5 -6 -7
leaf_value=0.011574513456189491 0.31141304016113258 -4.713410964608193 -1.0564338475465775 2.7023387749989829 -3.4245587158203126 3.4755797174241807
leaf_weight=415 5.0000000000000027 5.9999999999999991 7.9999999999999991 5.9999999999999991 4.9999999999999991 8.9999999999999982
leaf_count=415 5 6 8 6 5 9
internal_value=1.81604e-08 -0.0564486 1.10845 0.0091424 -0.0293318 2.34552
internal_weight=454 432 22 426 420 14
internal_count=454 432 22 426 420 14
is_linear=0
shrinkage=0.05


Tree=173
num_leaves=10
num_cat=0
split_feature=5 5 5 4 2 7 7 2 3
split_gain=11004.8 83404.6 55683.4 45979.9 51190.3 25283.8 82004.9 24896.8 6139.58
threshold=91.747497558593764 92.144050598144545 90.756301879882827 4976.0500488281259 13187.1 1.0000000180025095e-35 1.5000000000000002 14288.392857142859 14468.944047619048
decision_type=2 2 2 2 2 2 2 2 2
left_child=2 -2 3 4 -1 -3 -7 -4 -9
right_child=1 5 7 -5 -6 6 -8 8 -10
leaf_value=-0.056187875964035655 -6.2233780344327299 -2.4286651823255756 0.40657080411910995 -4.807514839172363 4.6002945582071941 4.7433013386196565 -0.59279506955709727 5.1253809452056895 2.9457329507384977
leaf_weight=362 5.9999999999999991 8.9999999999999982 8.0000000000000018 4.9999999999999991 5.9999999999999991 8.9999999999999982 36 5.9999999999999982 7
leaf_count=362 6 9 8 5 6 9 36 6 7
internal_value=-1.07984e-09 -0.630819 0.0960639 -0.0449754 0.019733 -0.00942402 0.474424 2.60119 3.95172
internal_weight=454 60 394 373 368 54 45 21 13
internal_count=454 60 394 373 368 54 45 21 13
is_linear=0
shrinkage=0.05


Tree=174
num_leaves=6
num_cat=0
split_feature=4 0 4 7 1
split_gain=10984 18848.3 9895.45 74051.5 54117.1
threshold=5205.5500488281259 15001.500000000002 3328.450073242188 2.5000000000000004 8383.5000000000018
decision_type=2 2 2 2 2
left_child=1 2 4 -4 -1
right_child=-2 -3 3 -5 -6
leaf_value=-0.11751816483015942 -2.1251358668009441 2.4336447328329087 -0.97224672010966717 1.000995914134625 1.9907738693886334
leaf_weight=197 5.9999999999999991 7.9999999999999991 133 74 36
leaf_count=197 6 8 133 74 36
internal_value=1.62108e-08 0.0284617 -0.0152689 -0.266836 0.208227
internal_weight=454 448 440 207 233
internal_count=454 448 440 207 233
is_linear=0
shrinkage=0.05


Tree=175
num_leaves=6
num_cat=0
split_feature=0 4 0 5 7
split_gain=11212.6 9227.7 7753.29 11608.3 1886.58
threshold=15104.000000000002 5171.9499511718759 6388.5000000000009 85.162899017333999 1.5000000000000002
decision_type=2 2 2 2 2
left_child=1 2 4 -4 -1
right_child=-2 -3 3 -5 -6
leaf_value=2.0654775047302247 -2.1471345583597823 1.9764166990915937 -0.43345687096081087 0.13677362174380059 0.69195092201232899
leaf_weight=4.9999999999999982 5.9999999999999991 5.9999999999999991 126 306 5
leaf_count=5 6 6 126 306 5
internal_value=-5.52721e-09 0.0287563 0.00231743 -0.0295436 1.37871
internal_weight=454 448 442 432 10
internal_count=454 448 442 432 10
is_linear=0
shrinkage=0.05


Tree=176
num_leaves=6
num_cat=0
split_feature=4 0 4 3 3
split_gain=10332.3 15131 8097.02 67808.8 66848.8
threshold=5171.9499511718759 15027.500000000002 3328.450073242188 9283.8447712418329 8288.9199134199152
decision_type=2 2 2 2 2
left_child=1 2 4 -4 -1
right_child=-2 -3 3 -5 -6
leaf_value=-0.16460671876462141 -1.7809980988502503 2.7670276355743408 -2.2681068953345807 0.17324714002938107 2.1526050857595496
leaf_weight=196 7.9999999999999991 4.9999999999999991 34 174 37
leaf_count=196 8 5 34 174 37
internal_value=-1.62862e-08 0.0319461 0.000936143 -0.22582 0.203363
internal_weight=454 446 441 208 233
internal_count=454 446 441 208 233
is_linear=0
shrinkage=0.05


Tree=177
num_leaves=12
num_cat=0
split_feature=5 3 1 5 1 5 4 5 7 7 5
split_gain=10758.8 72171.9 43374.1 89526.1 99853.8 69200.3 56413.9 74098.8 35021.5 73299.8 24187.7
threshold=91.972400665283217 13849.983333333335 12813.000000000002 90.056453704833999 12467.500000000002 89.902702331542983 4896.8000488281259 90.607097625732436 1.5000000000000002 1.0000000180025095e-35 94.77045059204103
decision_type=2 2 2 2 2 2 2 2 2 2 2
left_child=2 -2 3 5 -5 -1 -4 -8 9 -3 -10
right_child=1 8 6 4 -6 -7 7 -9 10 -11 -12
leaf_value=0.0023066887311615678 -5.3973863848618109 -1.4319059133529668 5.1848911232418491 -0.84314879841274681 -9.6558723449707031 5.9272131538391122 -4.2813889185587541 2.0539779448509217 -0.3306763237920301 5.3365792945027337 -4.0961752510070806
leaf_weight=343 6.9999999999999991 7.9999999999999973 8.9999999999999982 8.9999999999999982 4.9999999999999991 4.9999999999999991 6.0000000000000027 20 29 8 4.9999999999999991
leaf_count=343 7 8 9 9 5 5 6 20 29 8 5
internal_value=-5.95062e-09 -0.642365 0.0922287 -0.0702775 -3.99055 0.0874347 1.77301 0.59197 0.0233379 1.95234 -0.884426
internal_weight=454 57 397 362 14 348 35 26 50 16 34
internal_count=454 57 397 362 14 348 35 26 50 16 34
is_linear=0
shrinkage=0.05


Tree=178
num_leaves=9
num_cat=0
split_feature=0 5 1 0 4 4 6 5
split_gain=11026.9 8258.46 35913.5 73368.4 35067.1 16709.1 92369.8 47559.8
threshold=15104.000000000002 85.687400817871108 9000.5000000000018 8454.0000000000018 3331.849975585938 3980.099975585938 1.0000000180025095e-35 88.223800659179702
decision_type=2 2 2 2 2 2 2 2
left_child=1 2 3 -1 -4 6 -3 -7
right_child=-2 5 4 -5 -6 7 -8 -9
leaf_value=-0.095907430186429443 -2.1292799095312755 0.34057760583236818 3.5847716678272601 -3.5798920294817758 -1.4653088378906252 -4.5328665097554532 7.267985649108887 0.01310462840965816
leaf_weight=136 5.9999999999999991 128 10.999999999999998 17 4.9999999999999991 5.9999999999999991 4.9999999999999991 140
leaf_count=136 6 128 11 17 5 6 5 140
internal_value=8.89475e-10 0.0285171 -0.247311 -0.483017 2.00662 0.195596 0.601006 -0.173716
internal_weight=454 448 169 153 16 279 133 146
internal_count=454 448 169 153 16 279 133 146
is_linear=0
shrinkage=0.05


Tree=179
num_leaves=6
num_cat=0
split_feature=0 4 2 1 1
split_gain=9951.8 8201.76 7382.85 11960.7 2782.85
threshold=15104.000000000002 5171.9499511718759 6407.7500000000009 6368.0000000000009 6406.5000000000009
decision_type=2 2 2 2 2
left_child=1 2 4 -4 -1
right_child=-2 -3 3 -5 -6
leaf_value=2.1793721580505374 -2.0228159705797832 1.8632916927337648 -2.4602111816406254 -0.00045570448320140887 0.5111852359771728
leaf_weight=4.9999999999999982 5.9999999999999991 5.9999999999999991 4.9999999999999991 427 5
leaf_count=5 6 6 5 427 5
internal_value=-9.23938e-10 0.0270913 0.00216549 -0.0289251 1.34528
internal_weight=454 448 442 432 10
internal_count=454 448 442 432 10
is_linear=0
shrinkage=0.05


Tree=180
num_leaves=5
num_cat=0
split_feature=2 0 2 1
split_gain=10232.4 36788.6 8365.57 9780.52
threshold=15027.400000000003 15027.500000000002 14748.400000000001 14806.500000000002
decision_type=2 2 2 2
left_child=1 2 3 -1
right_child=-2 -3 -4 -5
leaf_value=0.021108288049351338 2.0511298815409345 -4.2923294448852536 1.7354520014354162 -2.0116432825724284
leaf_weight=430 5.9999999999999991 4.9999999999999991 6.9999999999999991 5.9999999999999991
leaf_count=430 6 5 7 6
internal_value=5.30074e-10 -0.0274705 0.0206656 -0.00686536
internal_weight=454 448 443 436
internal_count=454 448 443 436
is_linear=0
shrinkage=0.05


Tree=181
num_leaves=6
num_cat=0
split_feature=4 0 5 4 5
split_gain=10218.9 15455.9 7800.92 56288.4 51688
threshold=5171.9499511718759 15027.500000000002 94.332702636718764 4677.8500976562509 94.181598663330092
decision_type=2 2 2 2 2
left_child=1 2 4 -4 -1
right_child=-2 -3 3 -5 -6
leaf_value=0.02767529687608581 -1.7711964488029481 2.7960659313201908 3.0700493117173506 -2.5717377390180314 -4.3049183573041647
leaf_weight=415 7.9999999999999991 4.9999999999999991 12.000000000000002 6.9999999999999991 6.9999999999999991
leaf_count=415 8 5 12 7 7
internal_value=1.17535e-08 0.0317704 0.000429132 0.991496 -0.0441924
internal_weight=454 446 441 19 422
internal_count=454 446 441 19 422
is_linear=0
shrinkage=0.05


Tree=182
num_leaves=12
num_cat=0
split_feature=5 5 5 5 5 5 6 7 1 2 0
split_gain=9207.79 74992.7 45970.4 40056 76103.7 54818.9 31974.8 51774.3 25611.9 22322.3 5048.49
threshold=91.747497558593764 92.144050598144545 90.756301879882827 90.056453704833999 89.902702331542983 90.240798950195327 1.0000000180025095e-35 2.5000000000000004 14310.000000000002 14288.392857142859 14867.000000000002
decision_type=2 2 2 2 2 2 2 2 2 2 2
left_child=2 -2 3 4 -1 -5 8 -8 -3 -4 -11
right_child=1 6 9 5 -6 -7 7 -9 -10 10 -12
leaf_value=-0.0020556956095181124 -5.8800651868184417 -0.044158753843018511 0.28599517345428455 -5.1011309941609682 5.6781356096267706 -0.16514601747194926 -5.5247599601745616 1.3643431377410886 2.8443160414695741 4.7071189244588227 2.7306137016841343
leaf_weight=343 5.9999999999999991 33 8.0000000000000018 9.0000000000000018 5.9999999999999991 14.999999999999998 5.9999999999999982 5 9.9999999999999982 5.9999999999999982 7
leaf_count=343 6 33 8 9 6 15 6 5 10 6 7
internal_value=-4.30624e-09 -0.577022 0.0878713 -0.0402779 0.095598 -2.01614 0.0122051 -2.39335 0.62758 2.36405 3.64285
internal_weight=454 60 394 373 349 24 54 11 43 21 13
internal_count=454 60 394 373 349 24 54 11 43 21 13
is_linear=0
shrinkage=0.05


Tree=183
num_leaves=5
num_cat=0
split_feature=4 4 4 4
split_gain=10085.6 12569.2 8254.29 20143.4
threshold=5171.9499511718759 5079.8000488281259 4997.5000000000009 4922.0500488281259
decision_type=2 2 2 2
left_child=1 2 3 -1
right_child=-2 -3 -4 -5
leaf_value=-0.013676530962928812 -1.7596048831939699 1.9955955922603608 -1.5028910530938042 2.9038788000742599
leaf_weight=423 7.9999999999999991 7.9999999999999991 8.9999999999999982 5.9999999999999991
leaf_count=423 8 8 9 6
internal_value=1.40921e-08 0.0315624 -0.00431032 0.0271284
internal_weight=454 446 438 429
internal_count=454 446 438 429
is_linear=0
shrinkage=0.05


Tree=184
num_leaves=7
num_cat=0
split_feature=0 5 4 5 0 5
split_gain=9197.93 8186.46 118141 44795.6 43768.3 23400.1
threshold=15104.000000000002 88.661548614501967 4107.6999511718759 88.722248077392592 11288.000000000002 87.633850097656264
decision_type=2 2 2 2 2 2
left_child=1 2 5 -3 -5 -1
right_child=-2 3 -4 4 -6 -7
leaf_value=-0.12700360917737125 -1.9446909507115682 3.754485766092936 -7.0659891923268638 -3.4757797360420231 0.33997780743145173 1.3446893417835237
leaf_weight=271 5.9999999999999991 8.9999999999999982 5.9999999999999991 7.9999999999999991 124 30
leaf_count=271 6 9 6 8 124 30
internal_value=7.56874e-09 0.026045 -0.118805 0.341428 0.10872 0.0196768
internal_weight=454 448 307 141 132 301
internal_count=454 448 307 141 132 301
is_linear=0
shrinkage=0.05


Tree=185
num_leaves=5
num_cat=0
split_feature=2 4 4 2
split_gain=9430.69 34002.8 10104.1 7407.87
threshold=15027.400000000003 5171.9499511718759 5079.8000488281259 11541.450000000003
decision_type=2 2 2 2
left_child=1 2 3 -1
right_child=-2 -3 -4 -5
leaf_value=0.12401322834485658 1.9691428502400716 -3.7651014486948648 2.259305658340454 -0.33966949895276866
leaf_weight=319 5.9999999999999991 5.9999999999999991 4.9999999999999991 118
leaf_count=319 6 6 5 118
internal_value=-9.54503e-09 -0.0263725 0.0243795 -0.00119172
internal_weight=454 448 442 437
internal_count=454 448 442 437
is_linear=0
shrinkage=0.05


Tree=186
num_leaves=8
num_cat=0
split_feature=1 1 0 0 0 0 2
split_gain=8691.94 70486.5 35761.5 41521.2 35760.7 15917 20554.9
threshold=14310.000000000002 14220.000000000002 14153.500000000002 14420.000000000002 14913.000000000002 14528.500000000002 14252.533333333335
decision_type=2 2 2 2 2 2 2
left_child=1 5 -2 -4 -5 6 -1
right_child=2 -3 3 4 -6 -7 -8
leaf_value=0.029221726814284921 -1.9064297040303548 -5.0367087841033937 5.8434308624267537 -1.8210890561342232 2.572389953786677 2.3868778433118547 -2.7038196631840297
leaf_weight=400 8.9999999999999982 6.9999999999999991 5.0000000000000027 8.0000000000000018 10.999999999999998 6.9999999999999991 6.9999999999999991
leaf_count=400 9 7 5 8 11 7 7
internal_value=1.13728e-09 -0.0612515 0.78142 1.78936 0.722504 0.0228746 -0.0177839
internal_weight=454 421 33 24 19 414 407
internal_count=454 421 33 24 19 414 407
is_linear=0
shrinkage=0.05


Tree=187
num_leaves=8
num_cat=0
split_feature=4 5 4 4 2 4 3
split_gain=8357.07 8174.97 106333 42910.1 59128.3 39007.5 33268.8
threshold=5205.5500488281259 88.661548614501967 4072.5000000000005 3980.099975585938 10813.000000000002 4072.5000000000005 9326.9705882352955
decision_type=2 2 2 2 2 2 2
left_child=1 2 6 4 -3 -5 -1
right_child=-2 3 -4 5 -6 -7 -8
leaf_value=-0.12352084747227757 -1.8536699295043946 -0.34774761199951176 -5.80879522562027 -4.2322116851806646 7.3417440795898434 0.27086787379923322 1.8175973912080128
leaf_weight=275 5.9999999999999991 4.9999999999999982 7.9999999999999991 4.9999999999999991 5 126 24
leaf_count=275 6 5 8 5 5 126 24
internal_value=-2.28441e-09 0.0248259 -0.119923 0.339988 3.497 0.0989946 0.032288
internal_weight=454 448 307 141 10 131 299
internal_count=454 448 307 141 10 131 299
is_linear=0
shrinkage=0.05


Tree=188
num_leaves=6
num_cat=0
split_feature=0 4 5 1 5
split_gain=9009.34 8726.52 7198.54 56381.4 44283.2
threshold=15104.000000000002 5171.9499511718759 94.332702636718764 13756.500000000002 94.181598663330092
decision_type=2 2 2 2 2
left_child=1 2 4 -4 -1
right_child=-2 -3 3 -5 -6
leaf_value=0.023663140395477129 -1.9246509631474813 1.9198078632354738 5.5097892761230431 -0.67558102267129083 -3.9865174702235628
leaf_weight=416 5.9999999999999991 5.9999999999999991 5.0000000000000027 13.999999999999998 6.9999999999999991
leaf_count=416 6 6 5 14 7
internal_value=-5.33767e-09 0.0257766 6.5738e-05 0.952148 -0.0426992
internal_weight=454 448 442 19 423
internal_count=454 448 442 19 423
is_linear=0
shrinkage=0.05


Tree=189
num_leaves=8
num_cat=0
split_feature=1 4 1 4 2 7 4
split_gain=8355.63 41023.3 19619.7 10404.8 8556.38 53391.2 35314.6
threshold=14637.000000000002 5171.9499511718759 15027.500000000002 5099.4499511718759 13976.800000000001 1.0000000180025095e-35 4491.1499023437509
decision_type=2 2 2 2 2 2 2
left_child=1 4 3 -2 6 -6 -1
right_child=2 -3 -4 -5 5 -7 -8
leaf_value=0.066390840645051671 0.89877681732177706 -4.5511000442504885 -1.0247366160154343 3.6531934420267742 -4.113932418823242 1.4197298181407592 -1.7770656730447496
leaf_weight=360 8.0000000000000018 4.9999999999999991 7.9999999999999991 5.9999999999999991 4.9999999999999991 34 28
leaf_count=360 8 5 8 6 5 34 28
internal_value=-5.39429e-09 -0.0484062 0.950522 2.07924 0.00431854 0.710286 -0.0666421
internal_weight=454 432 22 14 427 39 388
internal_count=454 432 22 14 427 39 388
is_linear=0
shrinkage=0.05


Tree=190
num_leaves=12
num_cat=0
split_feature=5 3 1 5 1 4 4 5 7 7 5
split_gain=7735.9 59361 37753.5 74857.8 85991.6 60649.3 53711.7 61165.2 31829.6 64023.6 23259.7
threshold=91.972400665283217 13849.983333333335 12813.000000000002 90.056453704833999 12467.500000000002 4401.6999511718759 4896.8000488281259 90.607097625732436 1.5000000000000002 1.0000000180025095e-35 94.77045059204103
decision_type=2 2 2 2 2 2 2 2 2 2 2
left_child=2 -2 3 5 -5 -1 -4 -8 9 -3 -10
right_child=1 8 6 4 -6 -7 7 -9 10 -11 -12
leaf_value=-0.016620663638439098 -4.8570985760007588 -1.2648284196853643 4.9754754914177788 -0.7373907095856137 -8.9155542373657237 5.0542656898498537 -3.9337650299072244 1.8222011709213257 -0.2633460813555224 5.0608929038047776 -3.9559089660644533
leaf_weight=342 6.9999999999999991 7.9999999999999973 8.9999999999999982 8.9999999999999982 4.9999999999999991 5.9999999999999991 6.0000000000000027 20 29 8 4.9999999999999991
leaf_count=342 7 8 9 9 5 6 6 20 29 8 5
internal_value=-6.79578e-09 -0.544697 0.0782059 -0.073406 -3.65816 0.0708084 1.64631 0.493901 0.0590387 1.89803 -0.80637
internal_weight=454 57 397 362 14 348 35 26 50 16 34
internal_count=454 57 397 362 14 348 35 26 50 16 34
is_linear=0
shrinkage=0.05


Tree=191
num_leaves=8
num_cat=0
split_feature=0 5 4 3 2 4 3
split_gain=9258.32 8060.15 97171.1 39181.1 66760.7 40511.3 21195
threshold=15104.000000000002 88.661548614501967 4107.6999511718759 11403.736842105265 11228.900000000003 4087.650024414063 9326.9705882352955
decision_type=2 2 2 2 2 2 2
left_child=1 2 6 4 -3 -5 -1
right_child=-2 3 -4 5 -6 -7 -8
leaf_value=-0.12101646506515416 -1.951063895225525 0.031171713935004342 -6.4181272109349568 -4.3589327239990237 6.8401082674662277 0.2337396964061359 1.3725247284540765
leaf_weight=275 5.9999999999999991 8.9999999999999982 5.9999999999999991 4.9999999999999991 5.9999999999999991 121 26
leaf_count=275 6 9 6 5 6 121 26
internal_value=6.79578e-09 0.0261303 -0.117598 0.339071 2.75475 0.0514908 0.00799374
internal_weight=454 448 307 141 15 126 301
internal_count=454 448 307 141 15 126 301
is_linear=0
shrinkage=0.05


Tree=192
num_leaves=6
num_cat=0
split_feature=0 4 3 1 4
split_gain=8355.63 7768.24 7937.69 20371.2 17852.9
threshold=15104.000000000002 5171.9499511718759 14100.91666666667 12813.000000000002 4527.5500488281259
decision_type=2 2 2 2 2
left_child=1 2 3 -1 -4
right_child=-2 -3 4 -5 -6
leaf_value=-0.068576103875552463 -1.853510816891988 1.8118371327718099 1.9865167856216432 1.0276387128978968 -1.2660982396867542
leaf_weight=362 5.9999999999999991 5.9999999999999991 4.9999999999999991 48 27
leaf_count=362 6 6 5 48 27
internal_value=-4.47578e-09 0.0248238 0.000565702 0.0597612 -0.757877
internal_weight=454 448 442 410 32
internal_count=454 448 442 410 32
is_linear=0
shrinkage=0.05


Tree=193
num_leaves=8
num_cat=0
split_feature=0 5 0 1 7 0 3
split_gain=7540.96 6796.88 54974.3 24534.3 24006.1 42060.4 18954.2
threshold=15104.000000000002 85.36209869384767 8972.5000000000018 9012.0000000000018 1.0000000180025095e-35 11199.500000000002 8288.9199134199152
decision_type=2 2 2 2 2 2 2
left_child=1 2 3 -1 5 -3 -6
right_child=-2 4 -4 -5 6 -7 -8
leaf_value=-0.17048024418835458 -1.7608351707458496 0.39004220833649511 -4.5827068601335794 3.3986860084533692 -0.43193396633321596 -2.2054162113754838 0.62397865327324142
leaf_weight=130 5.9999999999999991 37 6.9999999999999991 4.9999999999999991 55 27 187
leaf_count=130 6 37 7 5 55 27 187
internal_value=7.19703e-09 0.0235826 -0.26231 -0.0382889 0.156252 -0.704917 0.383999
internal_weight=454 448 142 135 306 64 242
internal_count=454 448 142 135 306 64 242
is_linear=0
shrinkage=0.05


Tree=194
num_leaves=5
num_cat=0
split_feature=2 0 2 3
split_gain=7847.5 27979 7242.91 11387
threshold=15027.400000000003 15027.500000000002 14748.400000000001 14100.91666666667
decision_type=2 2 2 2
left_child=1 2 3 -1
right_child=-2 -3 -4 -5
leaf_value=0.056651130600309955 1.7962680816650392 -3.7433792972564697 1.6135027698108129 -1.0223922041746287
leaf_weight=410 5.9999999999999991 4.9999999999999991 6.9999999999999991 26
leaf_count=410 6 5 7 26
internal_value=-5.22033e-09 -0.0240572 0.0179216 -0.00769549
internal_weight=454 448 443 436
internal_count=454 448 443 436
is_linear=0
shrinkage=0.05


Tree=195
num_leaves=8
num_cat=0
split_feature=4 5 4 4 2 4 3
split_gain=8245.12 7042.23 88299 37706.1 53010.5 35003.4 26792.9
threshold=5205.5500488281259 88.661548614501967 4072.5000000000005 3980.099975585938 10813.000000000002 4087.650024414063 9326.9705882352955
decision_type=2 2 2 2 2 2 2
left_child=1 2 6 4 -3 -5 -1
right_child=-2 3 -4 5 -6 -7 -8
leaf_value=-0.11080829975279896 -1.841213083267212 -0.3638538169860841 -5.293739378452301 -3.3486771719796318 6.9169749069213857 0.28545518579982943 1.6311735517034931
leaf_weight=275 5.9999999999999991 4.9999999999999982 7.9999999999999991 6.9999999999999991 5 124 24
leaf_count=275 6 5 8 7 5 124 24
internal_value=-5.35982e-09 0.0246591 -0.109687 0.317172 3.27656 0.0912649 0.0290163
internal_weight=454 448 307 141 10 131 299
internal_count=454 448 307 141 10 131 299
is_linear=0
shrinkage=0.05


Tree=196
num_leaves=12
num_cat=0
split_feature=5 3 1 5 1 0 2 5 6 1 5
split_gain=7629.64 52846.8 33727.7 69173.8 77356.4 56117.8 43500.1 85373.8 28805.7 34925 13063.8
threshold=91.972400665283217 13849.983333333335 12813.000000000002 90.056453704833999 12467.500000000002 12624.000000000002 14136.625000000002 90.607097625732436 1.0000000180025095e-35 13809.500000000002 94.255748748779311
decision_type=2 2 2 2 2 2 2 2 2 2 2
left_child=2 -2 3 5 -5 -1 -4 -8 9 -3 -10
right_child=1 8 6 4 -6 -7 7 -9 10 -11 -12
leaf_value=-0.0036623120742358553 -4.6098536695752825 4.1750978628794355 4.798109769821167 -0.74136478635999892 -8.498045120239258 5.3318694686889652 -5.2973135375976526 1.9406730370088057 -4.1185965538024911 0.028063298942464773 -0.65808401107788084
leaf_weight=343 6.9999999999999991 5.9999999999999991 7.9999999999999991 8.9999999999999982 4.9999999999999991 4.9999999999999991 5.0000000000000027 22 4.9999999999999982 33 6
leaf_count=343 7 6 8 9 5 5 5 22 5 33 6
internal_value=-7.86742e-09 -0.540944 0.077667 -0.0656335 -3.51161 0.0729976 1.5598 0.600305 0.0287038 0.666069 -2.23104
internal_weight=454 57 397 362 14 348 35 27 50 39 11
internal_count=454 57 397 362 14 348 35 27 50 39 11
is_linear=0
shrinkage=0.05


Tree=197
num_leaves=13
num_cat=0
split_feature=4 5 0 6 7 5 1 5 0 5 1 7
split_gain=7972.81 50442.6 63511.2 48459.9 31099.1 58133.4 29678.1 26127.6 20661.6 17523.9 28056 26813.2
threshold=3328.450073242188 86.930549621582045 9222.0000000000018 1.0000000180025095e-35 1.0000000180025095e-35 88.063198089599624 11680.500000000002 85.162899017333999 9136.5000000000018 87.231151580810561 8067.0000000000009 1.5000000000000002
decision_type=2 2 2 2 2 2 2 2 2 2 2 2
left_child=3 2 8 9 5 -3 -6 -5 -2 11 -11 -1
right_child=1 4 -4 7 6 -7 -8 -9 -10 10 -12 -13
leaf_value=0.55575257100557029 -1.9972454479762476 -5.7189855535825096 -6.3070124353681294 1.3267406599862239 1.3955905294418336 -0.35578296035528184 -0.086745857719618541 6.0590856552124013 1.1880839347839356 -0.32372245788574228 4.7475679588317865 -0.57937174432951477
leaf_weight=95 14.000000000000005 5.9999999999999991 6.9999999999999991 6.9999999999999982 50 32 104 5 7.9999999999999991 5.9999999999999982 5 115
leaf_count=95 14 6 7 7 50 32 104 5 8 6 5 115
internal_value=-2.27784e-09 -0.215144 -2.15882 0.204064 0.0784322 -1.2026 0.394532 3.29855 -0.838944 0.0360373 1.98141 -0.0658631
internal_weight=454 221 29 233 192 38 154 12 22 221 11 210
internal_count=454 221 29 233 192 38 154 12 22 221 11 210
is_linear=0
shrinkage=0.05


Tree=198
num_leaves=8
num_cat=0
split_feature=4 3 4 5 4 3 5
split_gain=7749.52 6806.54 18089.3 25980.3 14066 8381.82 20083.5
threshold=5205.5500488281259 6504.1785714285725 2491.6499023437505 83.732799530029311 2636.3000488281255 6487.7777777777783 83.561050415039077
decision_type=2 2 2 2 2 2 2
left_child=1 5 3 -3 -4 6 -1
right_child=-2 2 4 -5 -6 -7 -8
leaf_value=1.358948135375976 -1.7850192864735921 -2.6467983971039448 0.98424177363112164 0.64335884273052224 -0.039783843232100241 2.4352374672889709 -1.8844960689544679
leaf_weight=15.000000000000005 5.9999999999999991 15.000000000000002 37 9.9999999999999982 358 5.9999999999999991 6.9999999999999991
leaf_count=15 6 15 37 10 358 6 7
internal_value=1.87413e-09 0.0239065 -0.0264144 -1.33074 0.0561375 0.778721 0.326943
internal_weight=454 448 420 25 395 28 22
internal_count=454 448 420 25 395 28 22
is_linear=0
shrinkage=0.05


Tree=199
num_leaves=8
num_cat=0
split_feature=1 0 0 4 0 4 5
split_gain=7843.76 36667.1 19672.7 15406.5 11108.8 14789.9 8496.85
threshold=14637.000000000002 14913.000000000002 15001.500000000002 4859.5000000000009 14528.500000000002 4997.5000000000009 91.747497558593764
decision_type=2 2 2 2 2 2 2
left_child=1 4 3 -2 5 -1 -5
right_child=2 -3 -4 6 -6 -7 -8
leaf_value=0.0098186972521873851 2.3066471862792937 -3.9283640702565514 3.3625470797220864 0.48157758712768567 2.1439963976542158 -2.7258781814575195 -2.3092614896595474
leaf_weight=415 5.0000000000000062 5.9999999999999991 5.9999999999999991 4.9999999999999982 5.9999999999999991 4.9999999999999991 6
leaf_count=415 5 6 6 5 6 5 6
internal_value=-3.87299e-10 -0.0469001 0.920947 0.00534718 0.00776842 -0.0227491 -1.0407
internal_weight=454 432 22 16 426 420 11
internal_count=454 432 22 16 426 420 11
is_linear=0
shrinkage=0.05


end of trees

feature_importances:
Column_0=217
Column_1=217
Column_4=212
Column_5=198
Column_3=149
Column_2=117
Column_7=61
Column_6=19

parameters:
[boosting: gbdt]
[objective: regression]
[metric: l2]
[tree_learner: serial]
[device_type: cpu]
[data_sample_strategy: bagging]
[data: ]
[valid: ]
[num_iterations: 200]
[learning_rate: 0.05]
[num_leaves: 15]
[num_threads: 2]
[seed: 42]
[deterministic: 0]
[force_col_wise: 0]
[force_row_wise: 0]
[histogram_pool_size: -1]
[max_depth: 4]
[min_data_in_leaf: 5]
[min_sum_hessian_in_leaf: 0.001]
[bagging_fraction: 0.8]
[pos_bagging_fraction: 1]
[neg_bagging_fraction: 1]
[bagging_freq: 0]
[bagging_seed: 400]
[bagging_by_query: 0]
[feature_fraction: 0.8]
[feature_fraction_bynode: 1]
[feature_fraction_seed: 30056]
[extra_trees: 0]
[extra_seed: 12879]
[early_stopping_round: 0]
[early_stopping_min_delta: 0]
[first_metric_only: 0]
[max_delta_step: 0]
[lambda_l1: 0]
[lambda_l2: 0]
[linear_lambda: 0]
[min_gain_to_split: 0]
[drop_rate: 0.1]
[max_drop: 50]
[skip_drop: 0.5]
[xgboost_dart_mode: 0]
[uniform_drop: 0]
[drop_seed: 17869]
[top_rate: 0.2]
[other_rate: 0.1]
[min_data_per_group: 100]
[max_cat_threshold: 32]
[cat_l2: 10]
[cat_smooth: 10]
[max_cat_to_onehot: 4]
[top_k: 20]
[monotone_constraints: ]
[monotone_constraints_method: basic]
[monotone_penalty: 0]
[feature_contri: ]
[forcedsplits_filename: ]
[refit_decay_rate: 0.9]
[cegb_tradeoff: 1]
[cegb_penalty_split: 0]
[cegb_penalty_feature_lazy: ]
[cegb_penalty_feature_coupled: ]
[path_smooth: 0]
[interaction_constraints: ]
[verbosity: -1]
[saved_feature_importance_type: 0]
[use_quantized_grad: 0]
[num_grad_quant_bins: 4]
[quant_train_renew_leaf: 0]
[stochastic_rounding: 1]
[linear_tree: 0]
[max_bin: 255]
[max_bin_by_feature: ]
[min_data_in_bin: 3]
[bin_construct_sample_cnt: 200000]
[data_random_seed: 175]
[is_enable_sparse: 1]
[enable_bundle: 1]
[use_missing: 1]
[zero_as_missing: 0]
[feature_pre_filter: 1]
[pre_partition: 0]
[two_round: 0]
[header: 0]
[label_column: ]
[weight_column: ]
[group_column: ]
[ignore_column: ]
[categorical_feature: ]
[forcedbins_filename: ]
[precise_float_parser: 0]
[parser_config_file: ]
[objective_seed: 16083]
[num_class: 1]
[is_unbalance: 0]
[scale_pos_weight: 1]
[sigmoid: 1]
[boost_from_average: 1]
[reg_sqrt: 0]
[alpha: 0.9]
[fair_c: 1]
[poisson_max_delta_step: 0.7]
[tweedie_variance_power: 1.5]
[lambdarank_truncation_level: 30]
[lambdarank_norm: 1]
[label_gain: ]
[lambdarank_position_bias_regularization: 0]
[eval_at: ]
[multi_error_top_k: 1]
[auc_mu_weights: ]
[num_machines: 1]
[local_listen_port: 12400]
[time_out: 120]
[machine_list_filename: ]
[machines: ]
[gpu_platform_id: -1]
[gpu_device_id: -1]
[gpu_use_dp: 0]
[num_gpu: 1]

end of parameters

pandas_categorical:null
