key,variant,file,screen,section,kind,where_appears,english,hindi_before,hindi_after,chars_before,chars_after,has_figure_placeholder,changed,had_hindi_before
pageTitle,full,i18n.js,main page (index.html),Static shell (index.html),sentence,sentence in a card/banner/panel,Gold Rate Today · Is it a good price?,आज सोने का भाव · क्या यह सही कीमत है?,आज सोने का भाव · क्या यह सही भाव है?,37,36,False,True,True
pageDescription,full,i18n.js,main page (index.html),Static shell (index.html),sentence,sentence in a card/banner/panel,"22K gold rate — closely matched to real shop prices, compared with Tanishq's listed rate when reachable. See if today's price is high or low compared to recent weeks.","22K सोने का भाव — IBJA पर आधारित अनुमान, जब संभव हो तो Tanishq की सूचीबद्ध दर से मिलाकर देखा गया। देखें कि आज की कीमत हाल के हफ्तों के मुक़ाबले ज़्यादा है या कम।","22 कैरेट सोने का भाव — असली दुकान के भाव के क़रीब, और जब मिल सके तब Tanishq के बताए भाव से मिलाकर। देखें कि आज का भाव पिछले कुछ हफ़्तों के मुक़ाबले ऊपर है या नीचे।",161,163,False,True,True
karatToggleAriaLabel,full,i18n.js,main page (index.html),Static shell (index.html),aria-label,"screen-reader label (aria-label), main page",Gold purity,सोने की शुद्धता,सोने की शुद्धता,15,15,False,False,True
perGram,full,i18n.js,main page (index.html),Static shell (index.html),short label,short label/chip,per gram,प्रति ग्राम,प्रति ग्राम,11,11,False,False,True
appTitle,full,i18n.js,main page (index.html),Static shell (index.html),short label,short label/chip,Gold Tracker,Gold Tracker,Gold Tracker,12,12,False,False,True
refreshLabel,full,i18n.js,main page (index.html),Static shell (index.html),label,button/label/card text,Refresh data,डेटा रीफ़्रेश करें,डेटा रीफ़्रेश करें,18,18,False,False,True
pwaHelpBtnLabel,full,i18n.js,main page (index.html),Static shell (index.html),label,button/label/card text,About auto-refresh on iPhone,iPhone पर ऑटो-रीफ़्रेश के बारे में,iPhone पर ऑटो-रीफ़्रेश के बारे में,34,34,False,False,True
pwaHelpBtnTitle,full,i18n.js,main page (index.html),Static shell (index.html),label,button/label/card text,About auto-refresh,ऑटो-रीफ़्रेश के बारे में,ऑटो-रीफ़्रेश के बारे में,24,24,False,False,True
pwaHelpPanelText,full,i18n.js,main page (index.html),Static shell (index.html),sentence,sentence in a card/banner/panel,"iOS limits how often home-screen apps update in the background. Tap <strong>↻</strong> to get the latest prices. If prices remain stuck, open the App Switcher (swipe up and hold), then swipe this app away and reopen from Home Screen — that forces a full reload.","iOS होम-स्क्रीन ऐप्स को बैकग्राउंड में कम बार अपडेट करता है। ताज़ी कीमत के लिए <strong>↻</strong> दबाएं। अगर कीमत अटकी रहे, तो ऐप स्विचर खोलें (ऊपर स्वाइप करके दबाए रखें), फिर इस ऐप को स्वाइप करके हटाएं और होम स्क्रीन से दोबारा खोलें — इससे पूरा रीलोड हो जाएगा।","iOS बैकग्राउंड में होम-स्क्रीन ऐप्स को कम बार अपडेट करता है। ताज़ा भाव के लिए <strong>↻</strong> दबाएं। अगर भाव अटका रहे, तो ऐप स्विचर खोलें (ऊपर स्वाइप करके रोके रखें), इस ऐप को स्वाइप करके हटा दें और होम स्क्रीन से दोबारा खोलें — इससे पूरा रीलोड हो जाएगा।",261,257,False,True,True
dismissLabel,full,i18n.js,main page (index.html),Static shell (index.html),label,button/label/card text,Dismiss,बंद करें,बंद करें,8,8,False,False,True
installPromptText,full,i18n.js,main page (index.html),Static shell (index.html),sentence,sentence in a card/banner/panel,"Add this to your Home Screen for quicker access: tap <strong>Share</strong>, then <strong>Add to Home Screen</strong>.","तेज़ी से खोलने के लिए इसे होम स्क्रीन पर जोड़ें: <strong>Share</strong> दबाएं, फिर <strong>Add to Home Screen</strong>।","जल्दी खोलने के लिए इसे होम स्क्रीन पर जोड़ लें: <strong>Share</strong> दबाएं, फिर <strong>Add to Home Screen</strong>।",119,118,False,True,True
firstVisitText,full,i18n.js,main page (index.html),Static shell (index.html),sentence,sentence in a card/banner/panel,"The price of 22K gold in shops, checked about every {hours}h (worst case recently ~{p90Hours}h, as of {asOf}) and compared with Tanishq's listed rate when possible. We always say plainly when a price is an estimate.","22K सोने की खुदरा कीमत, लगभग हर {hours} घंटे में जांची जाती है (हाल में सबसे धीमी बार ~{p90Hours} घंटे तक; {asOf} तक) और जब संभव हो तो Tanishq की सूचीबद्ध दर से मिलाकर देखी जाती है। कीमत अनुमानित हो तो हम साफ़ बता देते हैं।","दुकानों में 22 कैरेट सोने का भाव, लगभग हर {hours} घंटे में जांचा जाता है (हाल में ज़्यादा से ज़्यादा ~{p90Hours} घंटे की देरी; {asOf} तक) और जब हो सके तब Tanishq के बताए भाव से मिलाया जाता है। भाव अनुमानित हो तो हम साफ़ बता देते हैं।",223,233,True,True,True
firstVisitText,p90Hours=null,i18n.js,main page (index.html),Static shell (index.html),sentence,sentence in a card/banner/panel,"The price of 22K gold in shops, checked about every {hours}h (worst case recently ~{hours}h, as of {asOf}) and compared with Tanishq's listed rate when possible. We always say plainly when a price is an estimate.","22K सोने की खुदरा कीमत, लगभग हर {hours} घंटे में जांची जाती है (हाल में सबसे धीमी बार ~{hours} घंटे तक; {asOf} तक) और जब संभव हो तो Tanishq की सूचीबद्ध दर से मिलाकर देखी जाती है। कीमत अनुमानित हो तो हम साफ़ बता देते हैं।","दुकानों में 22 कैरेट सोने का भाव, लगभग हर {hours} घंटे में जांचा जाता है (हाल में ज़्यादा से ज़्यादा ~{hours} घंटे की देरी; {asOf} तक) और जब हो सके तब Tanishq के बताए भाव से मिलाया जाता है। भाव अनुमानित हो तो हम साफ़ बता देते हैं।",220,230,True,True,True
shareLabel,full,i18n.js,main page (index.html),Static shell (index.html),label,button/label/card text,Share,शेयर करें,शेयर करें,9,9,False,False,True
shareTextWithPrice,full,i18n.js,main page (index.html),Static shell (index.html),sentence,sentence in a card/banner/panel,Today's 22K gold price is ₹{price}/gram — check Gold Tracker,आज 22K सोने की कीमत ₹{price}/ग्राम है — Gold Tracker पर देखें,आज 22 कैरेट सोने का भाव ₹{price}/ग्राम है — Gold Tracker पर देखें,61,65,True,True,True
shareTextGeneric,full,i18n.js,main page (index.html),Static shell (index.html),sentence,sentence in a card/banner/panel,Check today's gold price on Gold Tracker,Gold Tracker पर आज की सोने की कीमत देखें,Gold Tracker पर आज का सोने का भाव देखें,40,39,False,True,True
shareCopied,full,i18n.js,main page (index.html),Static shell (index.html),short label,short label/chip,Link copied!,लिंक कॉपी हो गया!,लिंक कॉपी हो गया!,17,17,False,False,True
heroAriaLabel,full,i18n.js,main page (index.html),Static shell (index.html),aria-label,"screen-reader label (aria-label), main page",Current 22K gold price and buying verdict,मौजूदा 22K सोने की कीमत और ख़रीद का सुझाव,22 कैरेट सोने का आज का भाव और ख़रीदने का सुझाव,41,46,False,True,True
eyebrow,full,i18n.js,main page (index.html),Static shell (index.html),heading,section heading,22K gold · per gram,22K सोना · प्रति ग्राम,22 कैरेट सोना · प्रति ग्राम,22,27,False,True,True
todayLabel,full,i18n.js,main page (index.html),Static shell (index.html),label,button/label/card text,today,आज,आज,2,2,False,False,True
sinceLastLabel,full,i18n.js,main page (index.html),Static shell (index.html),label,button/label/card text,since last,पिछली बार से,पिछली बार से,12,12,False,False,True
sparklineLabelLeft,full,i18n.js,main page (index.html),Static shell (index.html),short label,short label/chip,7 days,7 दिन,7 दिन,5,5,False,False,True
comparisonAriaLabel,full,i18n.js,main page (index.html),Static shell (index.html),aria-label,"screen-reader label (aria-label), main page",How today's price compares to recent averages,आज की कीमत हाल के औसत से कैसे मिलती है,आज का भाव हाल के औसत से कैसा है,38,31,False,True,True
cmpHeading7d,full,i18n.js,main page (index.html),Static shell (index.html),label,button/label/card text,vs 7-day avg,7-दिन औसत से,7 दिन के औसत से,12,15,False,True,True
cmpHeading30d,full,i18n.js,main page (index.html),Static shell (index.html),label,button/label/card text,vs 30-day avg,30-दिन औसत से,30 दिन के औसत से,13,16,False,True,True
cmpHeadingFloor,full,i18n.js,main page (index.html),Static shell (index.html),label,button/label/card text,30-day floor,30-दिन का न्यूनतम,30 दिन का सबसे कम,17,17,False,True,True
karatAriaLabel,full,i18n.js,main page (index.html),Static shell (index.html),aria-label,"screen-reader label (aria-label), main page",24K and 18K gold prices,24K और 18K सोने की कीमतें,24 कैरेट और 18 कैरेट सोने का भाव,25,32,False,True,True
karatLabel24,full,i18n.js,main page (index.html),Static shell (index.html),label,button/label/card text,24 KT,24 KT,24 कैरेट,5,8,False,True,True
karatLabel18,full,i18n.js,main page (index.html),Static shell (index.html),label,button/label/card text,18 KT,18 KT,18 कैरेट,5,8,False,True,True
karatSub24,full,i18n.js,main page (index.html),Static shell (index.html),label,button/label/card text,per gram · 99.9% pure,प्रति ग्राम · 99.9% शुद्ध,प्रति ग्राम · 99.9% शुद्ध,25,25,False,False,True
karatSub18,full,i18n.js,main page (index.html),Static shell (index.html),label,button/label/card text,per gram · 75% pure,प्रति ग्राम · 75% शुद्ध,प्रति ग्राम · 75% शुद्ध,23,23,False,False,True
calcAriaLabel,full,i18n.js,main page (index.html),Purchase calculator,aria-label,"screen-reader label (aria-label), main page",Purchase cost calculator,ख़रीद लागत कैलकुलेटर,ख़रीद का ख़र्च निकालने वाला कैलकुलेटर,20,37,False,True,True
calcHeading,full,i18n.js,main page (index.html),Purchase calculator,heading,section heading,How much would you pay?,आपको कितना पड़ेगा?,आपको कितना पड़ेगा?,18,18,False,False,True
calcGramsLabel,full,i18n.js,main page (index.html),Purchase calculator,label,button/label/card text,Grams,ग्राम,ग्राम,5,5,False,False,True
calcGramsAriaLabel,full,i18n.js,main page (index.html),Purchase calculator,aria-label,"screen-reader label (aria-label), main page",Quantity in grams,मात्रा (ग्राम में),ग्राम में मात्रा,18,16,False,True,True
calcPresetsLegend,full,i18n.js,main page (index.html),Purchase calculator,short label,short label/chip,Jewellery type,,गहने का प्रकार,0,14,False,True,False
calcPresetCoins,full,i18n.js,main page (index.html),Purchase calculator,short label,short label/chip,Coins & plain chains,,सिक्के और सादी चेन,0,18,False,True,False
calcPresetCoinsRange,full,i18n.js,main page (index.html),Purchase calculator,sentence,sentence in a card/banner/panel,"3–8% of gold value, typically 5%",,"सोने की कीमत का 3–8%, आम तौर पर 5%",0,34,False,True,False
calcPresetPlain,full,i18n.js,main page (index.html),Purchase calculator,short label,short label/chip,Plain bangles & rings,,सादी चूड़ियां और अंगूठियां,0,26,False,True,False
calcPresetPlainRange,full,i18n.js,main page (index.html),Purchase calculator,sentence,sentence in a card/banner/panel,"8–12% of gold value, typically 10%",,"सोने की कीमत का 8–12%, आम तौर पर 10%",0,36,False,True,False
calcPresetIntricate,full,i18n.js,main page (index.html),Purchase calculator,short label,short label/chip,Intricate or antique designs,,बारीक काम या एंटीक डिज़ाइन,0,26,False,True,False
calcPresetIntricateRange,full,i18n.js,main page (index.html),Purchase calculator,sentence,sentence in a card/banner/panel,"15–25% of gold value, typically 20%",,"सोने की कीमत का 15–25%, आम तौर पर 20%",0,37,False,True,False
calcPresetCustom,full,i18n.js,main page (index.html),Purchase calculator,short label,short label/chip,Custom,,अपना,0,4,False,True,False
calcPresetCustomHint,full,i18n.js,main page (index.html),Purchase calculator,sentence,sentence in a card/banner/panel,Know your jeweller's exact rate? Enter it below.,,अपने ज्वेलर का मेकिंग चार्ज पता है? नीचे डालें।,0,47,False,True,False
calcMakingModePct,full,i18n.js,main page (index.html),Purchase calculator,short label,short label/chip,% of gold value,,सोने की कीमत का %,0,17,False,True,False
calcMakingModePerGram,full,i18n.js,main page (index.html),Purchase calculator,short label,short label/chip,₹ per gram,,₹ प्रति ग्राम,0,13,False,True,False
calcCustomValueLabel,full,i18n.js,main page (index.html),Purchase calculator,label,button/label/card text,Making charge,,मेकिंग चार्ज,0,12,False,True,False
calcCustomInvalid,full,i18n.js,main page (index.html),Purchase calculator,sentence,sentence in a card/banner/panel,Enter a making charge of 0 or more.,,मेकिंग चार्ज 0 या उससे ज़्यादा डालें।,0,37,False,True,False
calcKaratLabel22,full,i18n.js,main page (index.html),Purchase calculator,short label,short label/chip,22 KT,22 KT,22 कैरेट,5,8,False,True,True
calcRowGoldValue,full,i18n.js,main page (index.html),Purchase calculator,short label,short label/chip,Gold value,सोने की कीमत,सोने की कीमत,12,12,False,False,True
calcRowMaking,full,i18n.js,main page (index.html),Purchase calculator,short label,short label/chip,Making charge,मेकिंग चार्ज,मेकिंग चार्ज,12,12,False,False,True
calcRowMakingWithPct,full,i18n.js,main page (index.html),Purchase calculator,short label,short label/chip,Making charge ({pct}%),,मेकिंग चार्ज ({pct}%),0,21,True,True,False
calcRowGst,full,i18n.js,main page (index.html),Purchase calculator,short label,short label/chip,GST ({pct}%),GST ({pct}%),GST ({pct}%),12,12,True,False,True
calcRowTotal,full,i18n.js,main page (index.html),Purchase calculator,short label,short label/chip,Total,कुल,कुल,3,3,False,False,True
calcRangeLabel,full,i18n.js,main page (index.html),Purchase calculator,label,button/label/card text,Range {range},,रेंज {range},0,12,True,True,False
calcOtherKaratsRange,full,i18n.js,main page (index.html),Purchase calculator,sentence,sentence in a card/banner/panel,24 KT: {k24} · 18 KT: {k18},24 KT: {k24} · 18 KT: {k18},24 कैरेट: {k24} · 18 कैरेट: {k18},27,33,True,True,True
calcRateUsedIbja,full,i18n.js,main page (index.html),Purchase calculator,sentence,sentence in a card/banner/panel,Rate used: 22K ₹{rate}/g — our estimate,,इस्तेमाल हुआ भाव: 22 कैरेट ₹{rate}/ग्राम — हमारा अनुमान,0,55,True,True,False
calcRateUsedFusion,full,i18n.js,main page (index.html),Purchase calculator,sentence,sentence in a card/banner/panel,Rate used: 22K ₹{rate}/g — market-consensus estimate,,इस्तेमाल हुआ भाव: 22 कैरेट ₹{rate}/ग्राम — दुकानों के औसत भाव का अनुमान,0,71,True,True,False
calcRateUsedTanishq,full,i18n.js,main page (index.html),Purchase calculator,sentence,sentence in a card/banner/panel,Rate used: 22K ₹{rate}/g — Tanishq's listed rate on {date},,इस्तेमाल हुआ भाव: 22 कैरेट ₹{rate}/ग्राम — {date} को Tanishq का बताया भाव,0,73,True,True,False
calcEstimatedNote,full,i18n.js,main page (index.html),Purchase calculator,sentence,sentence in a card/banner/panel,"Today's price is an estimate, so this total is too.","आज की कीमत अनुमानित है, इसलिए यह कुल भी अनुमानित है।","आज का भाव अनुमानित है, इसलिए यह कुल भी अनुमानित है।",52,51,False,True,True
calcStaleNote,full,i18n.js,main page (index.html),Purchase calculator,sentence,sentence in a card/banner/panel,"Uses the last confirmed price, from {rel}.",,"यह आख़िरी पक्के भाव से निकाला गया है, जो {rel} का है।",0,53,True,True,False
calcEstimateStoresVary,full,i18n.js,main page (index.html),Purchase calculator,sentence,sentence in a card/banner/panel,Estimate — stores vary.,,अनुमान — हर दुकान पर थोड़ा फ़र्क़ होता है।,0,42,False,True,False
calcDisclaimer,full,i18n.js,main page (index.html),Purchase calculator,sentence,sentence in a card/banner/panel,"Your jeweller's bill will differ — hallmarking (HUID) fees, stones, wastage and store pricing aren't included.",,"आपके ज्वेलर का बिल अलग होगा — हॉलमार्किंग (HUID) शुल्क, नग, वेस्टेज और दुकान का अपना भाव इसमें शामिल नहीं हैं।",0,110,False,True,False
calcEmptyState,full,i18n.js,main page (index.html),Purchase calculator,sentence,sentence in a card/banner/panel,Enter a quantity to see the cost.,कीमत देखने के लिए मात्रा डालें।,ख़र्च देखने के लिए ग्राम में मात्रा डालें।,31,42,False,True,True
commentaryAriaLabel,full,i18n.js,main page (index.html),Purchase calculator,aria-label,"screen-reader label (aria-label), main page",Market commentary,बाज़ार पर टिप्पणी,बाज़ार का हाल,17,13,False,True,True
todaysReadEyebrow,full,i18n.js,main page (index.html),Purchase calculator,heading,section heading,Today's read,आज का सार,आज का हाल,9,9,False,True,True
modelSignalAriaLabel,full,i18n.js,main page (index.html),Purchase calculator,aria-label,"screen-reader label (aria-label), main page",How today's price compares to recent history,आज की कीमत हाल के इतिहास से कैसे मिलती है,आज का भाव हाल के भाव से कैसा है,41,31,False,True,True
goodPriceHeading,full,i18n.js,main page (index.html),Purchase calculator,heading,section heading,Is today a good time to buy?,क्या आज ख़रीदने का सही समय है?,क्या आज ख़रीदने का सही समय है?,30,30,False,False,True
driverAriaLabel,full,i18n.js,main page (index.html),Purchase calculator,aria-label,"screen-reader label (aria-label), main page",What is driving gold prices,सोने की कीमत को क्या प्रभावित कर रहा है,सोने का भाव किस वजह से बदल रहा है,39,33,False,True,True
driverHeading,full,i18n.js,main page (index.html),Purchase calculator,heading,section heading,What's moving the price?,कीमत को क्या हिला रहा है?,भाव किस वजह से बदल रहा है?,25,26,False,True,True
chartAriaLabel,full,i18n.js,main page (index.html),Purchase calculator,aria-label,"screen-reader label (aria-label), main page",Price trend chart,कीमत का ट्रेंड चार्ट,भाव का ट्रेंड चार्ट,20,19,False,True,True
priceTrendHeading,full,i18n.js,main page (index.html),Purchase calculator,heading,section heading,Price trend,कीमत का ट्रेंड,भाव का ट्रेंड,14,13,False,True,True
rangeToggleAriaLabel,full,i18n.js,main page (index.html),Purchase calculator,aria-label,"screen-reader label (aria-label), main page",Chart time range,चार्ट की रेंज,चार्ट की अवधि,13,13,False,True,True
rangeAll,full,i18n.js,main page (index.html),Purchase calculator,short label,short label/chip,All,सभी,सारे,3,4,False,True,True
sectionKaratNote,full,i18n.js,main page (index.html),Purchase calculator,short label,short label/chip,22K · per gram,22K · प्रति ग्राम,22 कैरेट · प्रति ग्राम,17,22,False,True,True
chartCanvasAriaLabel,full,i18n.js,main page (index.html),Purchase calculator,aria-label,"screen-reader label (aria-label), main page",Gold price trend chart,सोने की कीमत का ट्रेंड चार्ट,सोने के भाव का ट्रेंड चार्ट,28,27,False,True,True
historyAriaLabel,full,i18n.js,main page (index.html),Purchase calculator,aria-label,"screen-reader label (aria-label), main page",Price history,कीमत का इतिहास,पुराने भाव,14,10,False,True,True
historyHeading,full,i18n.js,main page (index.html),Purchase calculator,heading,section heading,History,इतिहास,पुराने भाव,6,10,False,True,True
thWhen,full,i18n.js,main page (index.html),Purchase calculator,label,button/label/card text,When,कब,कब,2,2,False,False,True
thDelta,full,i18n.js,main page (index.html),Purchase calculator,label,button/label/card text,Change,बदलाव,बदलाव,5,5,False,False,True
loadingText,full,i18n.js,main page (index.html),Purchase calculator,short label,short label/chip,Loading…,लोड हो रहा है…,लोड हो रहा है…,14,14,False,False,True
historyCardsAriaLabel,full,i18n.js,main page (index.html),Purchase calculator,aria-label,"screen-reader label (aria-label), main page",Price readings,कीमत की रीडिंग,दर्ज किए गए भाव,14,15,False,True,True
trackRecordAriaLabel,full,i18n.js,main page (index.html),Purchase calculator,aria-label,"screen-reader label (aria-label), main page",Our past estimates and the actual gold prices,हमारे पुराने अनुमान और असली कीमतें,हमारे पुराने अनुमान और असली भाव,34,31,False,True,True
trackRecordHeading,full,i18n.js,main page (index.html),Purchase calculator,heading,section heading,How close our estimates have been,हमारे अनुमान कितने सही रहे,हमारे अनुमान असली भाव के कितने क़रीब रहे,26,40,False,True,True
trackRecordCaption,full,i18n.js,main page (index.html),Purchase calculator,sentence,sentence in a card/banner/panel,"Our estimate (dashed) and the actual price (gold), recent weeks","हमारा अनुमान (डैश वाली लाइन) और असली कीमत (सुनहरी), हाल के हफ्ते","हमारा अनुमान (टूटी लाइन) और असली भाव (सुनहरी लाइन), पिछले कुछ हफ़्ते",64,68,False,True,True
trackRecordChartAriaLabel,full,i18n.js,main page (index.html),Purchase calculator,aria-label,"screen-reader label (aria-label), main page",Our past estimates and the actual gold prices,हमारे पुराने अनुमान और असली कीमतें,हमारे पुराने अनुमान और असली भाव,34,31,False,True,True
methodologySummary,full,i18n.js,main page (index.html),Purchase calculator,short label,short label/chip,How this works,यह कैसे काम करता है,यह कैसे काम करता है,19,19,False,False,True
footerBody,full,i18n.js,main page (index.html),Purchase calculator,sentence,sentence in a card/banner/panel,"Prices come from <a href=""https://ibjarates.com/"" target=""_blank"" rel=""noopener"">IBJA</a>, India's official daily gold rate, adjusted to match shop prices, and from <a href=""https://www.tanishq.co.in/gold-rate.html?lang=en_IN"" target=""_blank"" rel=""noopener"">Tanishq</a>'s listed rate when available.","कीमतें <a href=""https://ibjarates.com/"" target=""_blank"" rel=""noopener"">IBJA</a> (भारत की आधिकारिक रोज़ाना सोने की दर) से ली जाती हैं और दुकान की कीमतों से मिलाई जाती हैं; जब उपलब्ध हो तो <a href=""https://www.tanishq.co.in/gold-rate.html?lang=en_IN"" target=""_blank"" rel=""noopener"">Tanishq</a> की सूचीबद्ध दर भी देखी जाती है।","भाव <a href=""https://ibjarates.com/"" target=""_blank"" rel=""noopener"">IBJA</a> (भारत का आधिकारिक रोज़ का सोने का भाव) से लिए जाते हैं और दुकान के भाव से मिलाकर ठीक किए जाते हैं; जब मिल सके तब <a href=""https://www.tanishq.co.in/gold-rate.html?lang=en_IN"" target=""_blank"" rel=""noopener"">Tanishq</a> का बताया भाव भी देखा जाता है।",323,324,False,True,True
footerMuted,full,i18n.js,main page (index.html),Purchase calculator,sentence,sentence in a card/banner/panel,Not financial advice. Rates are indicative.,यह वित्तीय सलाह नहीं है। दरें संकेतात्मक हैं।,यह निवेश की सलाह नहीं है। भाव मोटे अंदाज़े के लिए हैं।,45,54,False,True,True
bottomNavAriaLabel,full,i18n.js,main page (index.html),Purchase calculator,aria-label,"screen-reader label (aria-label), main page",Page sections,पेज के सेक्शन,पेज के हिस्से,13,13,False,True,True
navHome,full,i18n.js,main page (index.html),Purchase calculator,label,button/label/card text,Home,होम,होम,3,3,False,False,True
navTrend,full,i18n.js,main page (index.html),Purchase calculator,label,button/label/card text,Trend,ट्रेंड,ट्रेंड,6,6,False,False,True
navHistory,full,i18n.js,main page (index.html),Purchase calculator,label,button/label/card text,History,इतिहास,पुराने भाव,6,10,False,True,True
navInfo,full,i18n.js,main page (index.html),Purchase calculator,label,button/label/card text,Info,जानकारी,जानकारी,7,7,False,False,True
langToggleAriaLabel,full,i18n.js,main page (index.html),Purchase calculator,aria-label,"screen-reader label (aria-label), main page",Switch language,भाषा बदलें,भाषा बदलें,10,10,False,False,True
verdictHeadlineUnknown,full,i18n.js,main page (index.html),Verdict (computeVerdict),short label,short label/chip,Not enough data yet,अभी काफ़ी डेटा नहीं है,अभी काफ़ी डेटा नहीं है,22,22,False,False,True
verdictReasonUnknown,full,i18n.js,main page (index.html),Verdict (computeVerdict),sentence,sentence in a card/banner/panel,Check back once we've collected a few more readings.,कुछ और रीडिंग जमा होने के बाद फिर देखें।,कुछ और भाव दर्ज होने के बाद फिर देखें।,40,38,False,True,True
verdictHeadlineDown,full,i18n.js,main page (index.html),Verdict (computeVerdict),sentence,sentence in a card/banner/panel,Getting cheaper this week,इस हफ्ते कीमत घट रही है,इस हफ़्ते सोना सस्ता हो रहा है,23,30,False,True,True
verdictHeadlineUp,full,i18n.js,main page (index.html),Verdict (computeVerdict),sentence,sentence in a card/banner/panel,Getting pricier this week,इस हफ्ते कीमत बढ़ रही है,इस हफ़्ते सोना महंगा हो रहा है,24,30,False,True,True
verdictHeadlineFlat,full,i18n.js,main page (index.html),Verdict (computeVerdict),short label,short label/chip,Steady this week,इस हफ्ते कीमत स्थिर है,इस हफ़्ते भाव स्थिर है,22,22,False,True,True
verdictReasonDown,full,i18n.js,main page (index.html),Verdict (computeVerdict),sentence,sentence in a card/banner/panel,"Down ₹{delta} this week, and ₹{avgDelta} below the usual price for the month.","इस हफ्ते ₹{delta} की गिरावट आई है, और यह महीने के सामान्य दाम से ₹{avgDelta} कम है।","इस हफ़्ते भाव ₹{delta} घटा है, और महीने के आम भाव से ₹{avgDelta} कम है।",83,71,True,True,True
verdictReasonDown,avgDelta=null,i18n.js,main page (index.html),Verdict (computeVerdict),sentence,sentence in a card/banner/panel,Down ₹{delta} this week.,इस हफ्ते ₹{delta} की गिरावट आई है।,इस हफ़्ते भाव ₹{delta} घटा है।,34,30,True,True,True
verdictReasonUp,full,i18n.js,main page (index.html),Verdict (computeVerdict),sentence,sentence in a card/banner/panel,"Up ₹{delta} this week, and ₹{avgDelta} above the usual price for the month.","इस हफ्ते ₹{delta} की बढ़ोतरी हुई है, और यह महीने के सामान्य दाम से ₹{avgDelta} ज़्यादा है।","इस हफ़्ते भाव ₹{delta} बढ़ा है, और महीने के आम भाव से ₹{avgDelta} ज़्यादा है।",90,77,True,True,True
verdictReasonUp,avgDelta=null,i18n.js,main page (index.html),Verdict (computeVerdict),sentence,sentence in a card/banner/panel,Up ₹{delta} this week.,इस हफ्ते ₹{delta} की बढ़ोतरी हुई है।,इस हफ़्ते भाव ₹{delta} बढ़ा है।,36,31,True,True,True
verdictReasonFlatBarely,full,i18n.js,main page (index.html),Verdict (computeVerdict),sentence,sentence in a card/banner/panel,Barely moved this week — nothing to react to.,इस हफ्ते कीमत में मुश्किल से बदलाव आया है — घबराने की कोई बात नहीं।,इस हफ़्ते भाव में मुश्किल से कोई बदलाव हुआ — इसमें कुछ करने की ज़रूरत नहीं।,67,75,False,True,True
verdictReasonFlatMoved,full,i18n.js,main page (index.html),Verdict (computeVerdict),sentence,sentence in a card/banner/panel,"Prices {dirWord} ₹{amount} this week — that's normal movement, nothing to react to.","इस हफ्ते कीमत {dirWord} है, ₹{amount} तक — यह सामान्य उतार-चढ़ाव है, घबराने की बात नहीं।","इस हफ़्ते भाव {dirWord}, ₹{amount} तक — यह आम उतार-चढ़ाव है, इसमें कुछ करने की ज़रूरत नहीं।",88,91,True,True,True
dirWordUp,full,i18n.js,main page (index.html),Verdict (computeVerdict),short label,short label/chip,edged up,थोड़ी बढ़ी,थोड़ा ऊपर गया,10,13,False,True,True
dirWordDown,full,i18n.js,main page (index.html),Verdict (computeVerdict),short label,short label/chip,edged down,थोड़ी घटी,थोड़ा नीचे आया,9,14,False,True,True
dirWordUnchanged,full,i18n.js,main page (index.html),Verdict (computeVerdict),short label,short label/chip,unchanged,जस की तस रही,जस का तस रहा,12,12,False,True,True
heroFallbackReason,full,i18n.js,main page (index.html),Verdict (computeVerdict),short label,short label/chip,Awaiting first price reading.,पहली कीमत रीडिंग का इंतज़ार है।,पहले भाव का इंतज़ार है।,31,23,False,True,True
noChangeLabel,full,i18n.js,main page (index.html),Verdict (computeVerdict),label,button/label/card text,no change,कोई बदलाव नहीं,कोई बदलाव नहीं,14,14,False,False,True
avgLabel7d,full,i18n.js,main page (index.html),Comparison cards,label,button/label/card text,7d avg,7-दिन औसत,7 दिन का औसत,9,12,False,True,True
avgLabel30d,full,i18n.js,main page (index.html),Comparison cards,label,button/label/card text,30d avg,30-दिन औसत,30 दिन का औसत,10,13,False,True,True
cmpCheaperThan,full,i18n.js,main page (index.html),Comparison cards,label,button/label/card text,cheaper than {avgLabel},{avgLabel} से सस्ता,{avgLabel} से सस्ता,19,19,True,False,True
cmpPricierThan,full,i18n.js,main page (index.html),Comparison cards,label,button/label/card text,pricier than {avgLabel},{avgLabel} से महंगा,{avgLabel} से महंगा,19,19,True,False,True
cmpAtAvg,full,i18n.js,main page (index.html),Comparison cards,label,button/label/card text,at avg,औसत के बराबर,औसत के बराबर,12,12,False,False,True
cmpNotEnoughData,full,i18n.js,main page (index.html),Comparison cards,label,button/label/card text,not enough data,काफ़ी डेटा नहीं,काफ़ी डेटा नहीं,15,15,False,False,True
cmpAtLow,full,i18n.js,main page (index.html),Comparison cards,label,button/label/card text,at low,न्यूनतम पर,सबसे कम पर,10,10,False,True,True
cmpLowestPrice,full,i18n.js,main page (index.html),Comparison cards,label,button/label/card text,this month's lowest price,इस महीने की सबसे कम कीमत,इस महीने का सबसे कम भाव,24,23,False,True,True
cmpAboveLowest,full,i18n.js,main page (index.html),Comparison cards,label,button/label/card text,above this month's lowest,इस महीने के न्यूनतम से ज़्यादा,इस महीने के सबसे कम भाव से ऊपर,30,30,False,True,True
readNoSignals,full,i18n.js,main page (index.html),Today's read (composeTodaysRead),sentence,sentence in a card/banner/panel,We don't have enough price history yet to say much about today — check back once a few more readings come in.,अभी इतना कीमत का इतिहास नहीं है कि आज के बारे में कुछ ठोस कहा जा सके — कुछ और रीडिंग आने के बाद फिर देखें।,आज के बारे में कुछ कहने लायक़ पुराना भाव अभी हमारे पास नहीं है — कुछ और भाव दर्ज होने के बाद फिर देखें।,106,103,False,True,True
readNoTrendCheap,full,i18n.js,main page (index.html),Today's read (composeTodaysRead),sentence,sentence in a card/banner/panel,Today's price is on the low side for the month.,आज की कीमत इस महीने के हिसाब से कम है।,आज का भाव इस महीने के हिसाब से कम है।,38,37,False,True,True
readNoTrendHigh,full,i18n.js,main page (index.html),Today's read (composeTodaysRead),sentence,sentence in a card/banner/panel,Today's price is on the higher side for the month.,आज की कीमत इस महीने के हिसाब से ज़्यादा है।,आज का भाव इस महीने के हिसाब से ज़्यादा है।,43,42,False,True,True
readNoTrendMid,full,i18n.js,main page (index.html),Today's read (composeTodaysRead),sentence,sentence in a card/banner/panel,Today's price is sitting around its usual range this month.,आज की कीमत इस महीने के सामान्य दायरे में है।,आज का भाव इस महीने के आम भाव के आसपास है।,44,41,False,True,True
readCheapStillFalling,full,i18n.js,main page (index.html),Today's read (composeTodaysRead),sentence,sentence in a card/banner/panel,"Today's price is on the low side for the month, and it's still sliding — it hasn't leveled off yet.","आज की कीमत इस महीने के हिसाब से कम है, और अभी भी गिर रही है — अभी स्थिर नहीं हुई है।","आज का भाव इस महीने के हिसाब से कम है, और अभी भी गिर रहा है — अभी टिका नहीं है।",84,78,False,True,True
readCheapSteadying,full,i18n.js,main page (index.html),Today's read (composeTodaysRead),sentence,sentence in a card/banner/panel,"Today's price is on the low side for the month, and it looks like it's steadying after a recent dip.","आज की कीमत इस महीने के हिसाब से कम है, और हाल की गिरावट के बाद अब स्थिर होती दिख रही है।","आज का भाव इस महीने के हिसाब से कम है, और हाल की गिरावट के बाद अब टिकता दिख रहा है।",88,82,False,True,True
readHighRising,full,i18n.js,main page (index.html),Today's read (composeTodaysRead),sentence,sentence in a card/banner/panel,"Today's price is on the higher side for the month, and it's still climbing.","आज की कीमत इस महीने के हिसाब से ज़्यादा है, और अभी भी बढ़ रही है।","आज का भाव इस महीने के हिसाब से ज़्यादा है, और अभी भी चढ़ रहा है।",65,64,False,True,True
readHighSlowed,full,i18n.js,main page (index.html),Today's read (composeTodaysRead),sentence,sentence in a card/banner/panel,"Today's price is on the higher side for the month, though the climb has slowed.","आज की कीमत इस महीने के हिसाब से ज़्यादा है, हालांकि बढ़त धीमी पड़ गई है।","आज का भाव इस महीने के हिसाब से ज़्यादा है, हालांकि चढ़ने की रफ़्तार धीमी हो गई है।",72,82,False,True,True
readFalling,full,i18n.js,main page (index.html),Today's read (composeTodaysRead),sentence,sentence in a card/banner/panel,"Prices have eased over the past month, though today isn't especially cheap yet.","पिछले महीने कीमत में नरमी रही है, हालांकि आज की कीमत अभी ख़ास कम नहीं है।","पिछले एक महीने में भाव नरम पड़ा है, हालांकि आज का भाव अभी ख़ास सस्ता नहीं है।",73,77,False,True,True
readRising,full,i18n.js,main page (index.html),Today's read (composeTodaysRead),sentence,sentence in a card/banner/panel,"Prices have climbed over the past month, though today isn't especially expensive yet.","पिछले महीने कीमत बढ़ी है, हालांकि आज की कीमत अभी ख़ास ज़्यादा नहीं है।","पिछले एक महीने में भाव चढ़ा है, हालांकि आज का भाव अभी ख़ास महंगा नहीं है।",70,73,False,True,True
readFlat,full,i18n.js,main page (index.html),Today's read (composeTodaysRead),sentence,sentence in a card/banner/panel,Prices have been fairly steady this month — today sits around the usual range.,इस महीने कीमत काफ़ी स्थिर रही है — आज की कीमत सामान्य दायरे में है।,इस महीने भाव काफ़ी टिका रहा है — आज का भाव आम भाव के आसपास है।,67,62,False,True,True
verdictLeadCheap,full,i18n.js,main page (index.html),Good-price signals,sentence,sentence in a card/banner/panel,You're paying less than usual this month,आप इस महीने सामान्य से कम कीमत दे रहे हैं,इस महीने आप आम भाव से कम दे रहे हैं,41,35,False,True,True
verdictLeadBelowMid,full,i18n.js,main page (index.html),Good-price signals,sentence,sentence in a card/banner/panel,You're paying a little less than usual this month,आप इस महीने सामान्य से थोड़ी कम कीमत दे रहे हैं,इस महीने आप आम भाव से थोड़ा कम दे रहे हैं,47,41,False,True,True
verdictLeadMid,full,i18n.js,main page (index.html),Good-price signals,sentence,sentence in a card/banner/panel,You're paying about the usual amount this month,आप इस महीने लगभग सामान्य कीमत दे रहे हैं,इस महीने आप लगभग आम भाव ही दे रहे हैं,40,37,False,True,True
verdictLeadHigh,full,i18n.js,main page (index.html),Good-price signals,sentence,sentence in a card/banner/panel,You're paying a bit more than usual this month,आप इस महीने सामान्य से थोड़ी ज़्यादा कीमत दे रहे हैं,इस महीने आप आम भाव से थोड़ा ज़्यादा दे रहे हैं,52,46,False,True,True
supportLine1Cheap,full,i18n.js,main page (index.html),Good-price signals,sentence,sentence in a card/banner/panel,Cheaper than most days this month.,इस महीने के ज़्यादातर दिनों से सस्ता।,इस महीने के ज़्यादातर दिनों से सस्ता।,37,37,False,False,True
supportLine1BelowMid,full,i18n.js,main page (index.html),Good-price signals,sentence,sentence in a card/banner/panel,A bit below the usual price this month.,इस महीने की सामान्य कीमत से थोड़ा कम।,इस महीने के आम भाव से थोड़ा कम।,37,31,False,True,True
supportLine1Mid,full,i18n.js,main page (index.html),Good-price signals,sentence,sentence in a card/banner/panel,Right around the middle for this month.,इस महीने के बीचोंबीच के आसपास।,इस महीने के बीच के भाव के आसपास।,30,32,False,True,True
supportLine1High,full,i18n.js,main page (index.html),Good-price signals,sentence,sentence in a card/banner/panel,Pricier than most days this month.,इस महीने के ज़्यादातर दिनों से महंगा।,इस महीने के ज़्यादातर दिनों से महंगा।,37,37,False,False,True
proofLineCheaper,full,i18n.js,main page (index.html),Good-price signals,sentence,sentence in a card/banner/panel,Cheaper than {days} of the last {total} days.,पिछले {total} दिनों में से {days} दिनों से सस्ता।,पिछले {total} में से {days} दिनों के भाव से सस्ता।,49,50,True,True,True
proofLinePricier,full,i18n.js,main page (index.html),Good-price signals,sentence,sentence in a card/banner/panel,Pricier than {days} of the last {total} days.,पिछले {total} दिनों में से {days} दिनों से महंगा।,पिछले {total} में से {days} दिनों के भाव से महंगा।,49,50,True,True,True
dataSuffNote,full,i18n.js,main page (index.html),Good-price signals,sentence,sentence in a card/banner/panel,Only {n} distinct days in the window — treat as indicative.,"इस दायरे में सिर्फ़ {n} अलग दिन हैं — इसे संकेत के तौर पर लें, पक्का आंकड़ा नहीं।",इसमें सिर्फ़ {n} अलग-अलग दिन हैं — इसे मोटा अंदाज़ा ही समझें।,81,61,True,True,True
supportLine2Below,full,i18n.js,main page (index.html),Good-price signals,sentence,sentence in a card/banner/panel,₹{amount} below the usual price for the month.,इस महीने की सामान्य कीमत से ₹{amount} कम।,इस महीने के आम भाव से ₹{amount} कम।,41,35,True,True,True
supportLine2Above,full,i18n.js,main page (index.html),Good-price signals,sentence,sentence in a card/banner/panel,₹{amount} above the usual price for the month.,इस महीने की सामान्य कीमत से ₹{amount} ज़्यादा।,इस महीने के आम भाव से ₹{amount} ज़्यादा।,46,40,True,True,True
supportLine2At,full,i18n.js,main page (index.html),Good-price signals,sentence,sentence in a card/banner/panel,Right at the usual price for the month.,इस महीने की सामान्य कीमत के बराबर।,इस महीने के आम भाव के बराबर।,34,28,False,True,True
divergenceNote,full,i18n.js,main page (index.html),Good-price signals,sentence,sentence in a card/banner/panel,"(These two don't quite agree — one counts days, the other measures the actual rupee gap. We go with the day-count for the headline above.)","(यहां दोनों आंकड़े पूरी तरह नहीं मिलते — एक दिन गिनता है, दूसरा असल रुपये का फ़र्क़ नापता है। ऊपर के हेडलाइन के लिए हम दिन-गिनती वाला आंकड़ा इस्तेमाल करते हैं।)","(इन दोनों में पूरी तरह मेल नहीं है — एक दिन गिनता है, दूसरा रुपये का असली फ़र्क़ नापता है। ऊपर की हेडलाइन के लिए हम दिनों की गिनती वाला तरीक़ा लेते हैं।)",160,153,False,True,True
goodPriceTomorrow,full,i18n.js,main page (index.html),Good-price signals,sentence,sentence in a card/banner/panel,Next price update: likely <strong>₹{low}</strong> – <strong>₹{high}</strong>.,अगला भाव अपडेट: शायद <strong>₹{low}</strong> – <strong>₹{high}</strong>।,अगला भाव अपडेट: शायद <strong>₹{low}</strong> – <strong>₹{high}</strong> के बीच।,72,79,True,True,True
directionUp,full,i18n.js,main page (index.html),Good-price signals,sentence,sentence in a card/banner/panel,More likely to go <strong>up</strong> than down next (about {pct}% chance).,अगली बार कीमत के <strong>बढ़ने</strong> की संभावना ज़्यादा है (लगभग {pct}%)।,अगली बार भाव के <strong>बढ़ने</strong> की संभावना ज़्यादा है (लगभग {pct}%)।,76,75,True,True,True
directionDown,full,i18n.js,main page (index.html),Good-price signals,sentence,sentence in a card/banner/panel,More likely to go <strong>down</strong> than up next (about {pct}% chance).,अगली बार कीमत के <strong>घटने</strong> की संभावना ज़्यादा है (लगभग {pct}%)।,अगली बार भाव के <strong>घटने</strong> की संभावना ज़्यादा है (लगभग {pct}%)।,75,74,True,True,True
directionUnclear,full,i18n.js,main page (index.html),Good-price signals,sentence,sentence in a card/banner/panel,Up or down next: too close to call.,अगली बार ऊपर या नीचे: कहना मुश्किल है।,अगली बार भाव ऊपर जाएगा या नीचे: कहना मुश्किल है।,38,48,False,True,True
directionTrackRecord,full,i18n.js,main page (index.html),Good-price signals,sentence,sentence in a card/banner/panel,Our up-or-down call has been right {right} of the last {n} times.,ऊपर-नीचे का हमारा अनुमान पिछली {n} में से {right} बार सही रहा है।,ऊपर-नीचे का हमारा अंदाज़ा पिछली {n} बार में से {right} बार सही रहा है।,65,70,True,True,True
volNoteElevated,full,i18n.js,main page (index.html),Good-price signals,sentence,sentence in a card/banner/panel,"Gold has been swinging more than usual lately. Over the past month, its price typically went up or down by about ₹{z} in 5 days.",हाल में सोने में सामान्य से ज़्यादा उतार-चढ़ाव रहा है। पिछले एक महीने में इसकी कीमत 5 दिनों में आमतौर पर करीब ₹{z} ऊपर या नीचे गई।,हाल में सोने के भाव में आम से ज़्यादा उतार-चढ़ाव रहा है। पिछले एक महीने में 5 दिनों के अंदर भाव आम तौर पर करीब ₹{z} ऊपर या नीचे गया।,130,132,True,True,True
volNoteCalm,full,i18n.js,main page (index.html),Good-price signals,sentence,sentence in a card/banner/panel,"Gold has been steadier than usual lately. Over the past month, its price typically went up or down by about ₹{z} in 5 days.",हाल में सोना सामान्य से ज़्यादा स्थिर रहा है। पिछले एक महीने में इसकी कीमत 5 दिनों में आमतौर पर करीब ₹{z} ऊपर या नीचे गई।,हाल में सोने का भाव आम से ज़्यादा टिका रहा है। पिछले एक महीने में 5 दिनों के अंदर भाव आम तौर पर करीब ₹{z} ऊपर या नीचे गया।,121,122,True,True,True
volNoteNormal,full,i18n.js,main page (index.html),Good-price signals,sentence,sentence in a card/banner/panel,"Over the past month, gold's price typically went up or down by about ₹{z} in 5 days — about as much as usual.",पिछले एक महीने में सोने की कीमत 5 दिनों में आमतौर पर करीब ₹{z} ऊपर या नीचे गई — यह सामान्य के आसपास है।,पिछले एक महीने में 5 दिनों के अंदर सोने का भाव आम तौर पर करीब ₹{z} ऊपर या नीचे गया — यह आम चाल के आसपास ही है।,103,110,True,True,True
volNoteFallback,full,i18n.js,main page (index.html),Good-price signals,sentence,sentence in a card/banner/panel,"Over the past month, gold's price typically went up or down by about ₹{z} in 5 days.",पिछले एक महीने में सोने की कीमत 5 दिनों में आमतौर पर करीब ₹{z} ऊपर या नीचे गई।,पिछले एक महीने में 5 दिनों के अंदर सोने का भाव आम तौर पर करीब ₹{z} ऊपर या नीचे गया।,78,83,True,True,True
weeklyMovementNote,full,i18n.js,main page (index.html),Good-price signals,sentence,sentence in a card/banner/panel,"Looking back, gold has typically moved about ₹{amount} from one week to the next (based on {pairs} weekly comparisons).","पीछे देखने पर, सोने की कीमत आमतौर पर एक हफ्ते में करीब ₹{amount} तक बदलती रही है ({pairs} हफ्तों की तुलना पर आधारित)।",पीछे देखें तो सोने का भाव आम तौर पर एक हफ़्ते से अगले हफ़्ते में करीब ₹{amount} बदलता रहा है ({pairs} हफ़्तों की तुलना के आधार पर)।,117,131,True,True,True
weeklyMovementSuffAppend,full,i18n.js,main page (index.html),Good-price signals,sentence,sentence in a card/banner/panel, (Only {n} distinct days in this 90-day window so far — treat as indicative.), (इस 90-दिन के दायरे में अभी तक सिर्फ़ {n} अलग दिन हैं — इसे संकेत के तौर पर लें।), (90 दिनों के इस दायरे में अभी सिर्फ़ {n} अलग-अलग दिन हैं — इसे मोटा अंदाज़ा ही समझें।),82,87,True,True,True
reliabilityCoverage,full,i18n.js,main page (index.html),Reliability (promoted from methodology accordion),sentence,sentence in a card/banner/panel,The real price has stayed inside the range we show about 7 times out of 10 so far.,,असली भाव अब तक लगभग 10 में से 7 बार हमारी दिखाई रेंज के अंदर रहा है।,0,68,False,True,False
reliabilityUnknown,full,i18n.js,main page (index.html),Reliability (promoted from methodology accordion),sentence,sentence in a card/banner/panel,Still building a track record for this — check back later.,अभी इसका रिकॉर्ड बन रहा है — कुछ समय बाद फिर देखें।,अभी इसका रिकॉर्ड बन रहा है — कुछ समय बाद फिर देखें।,51,51,False,False,True
reliabilityDriftOnTrack,full,i18n.js,main page (index.html),Reliability (promoted from methodology accordion),sentence,sentence in a card/banner/panel,Recent accuracy has stayed in line with the historical average.,हाल की सटीकता ऐतिहासिक औसत के मुताबिक बनी हुई है।,हाल में हमारे अनुमान उतने ही सही रहे हैं जितने आम तौर पर रहते आए हैं।,49,69,False,True,True
reliabilityDriftWatch,full,i18n.js,main page (index.html),Reliability (promoted from methodology accordion),sentence,sentence in a card/banner/panel,Recent accuracy has drifted a bit from the historical average — we're keeping an eye on it.,हाल की सटीकता ऐतिहासिक औसत से थोड़ी अलग हुई है — हम नज़र बनाए हुए हैं।,हाल में हमारे अनुमान आम तौर से थोड़े कम सही रहे हैं — हम नज़र रखे हुए हैं।,70,74,False,True,True
reliabilityDriftRetrain,full,i18n.js,main page (index.html),Reliability (promoted from methodology accordion),sentence,sentence in a card/banner/panel,Our recent estimates have been further off than usual — we're adjusting them.,हमारे हाल के अनुमान सामान्य से ज़्यादा दूर रहे हैं — हम उन्हें ठीक कर रहे हैं।,हाल के हमारे अनुमान आम से ज़्यादा ग़लत रहे हैं — हम उन्हें सुधार रहे हैं।,78,73,False,True,True
band90dCheaper,full,i18n.js,main page (index.html),90-day band position,sentence,sentence in a card/banner/panel,Over the past 90 days: cheaper than {pct}% of the {n} days.,पिछले 90 दिनों में: {n} दिनों में से {pct}% से सस्ता।,पिछले 90 दिनों में: {n} दिनों में से {pct}% दिनों के भाव से सस्ता।,53,66,True,True,True
band90dMoreExpensive,full,i18n.js,main page (index.html),90-day band position,sentence,sentence in a card/banner/panel,Over the past 90 days: more expensive than {pct}% of the {n} days.,पिछले 90 दिनों में: {n} दिनों में से {pct}% से महंगा।,पिछले 90 दिनों में: {n} दिनों में से {pct}% दिनों के भाव से महंगा।,53,66,True,True,True
band90dSuffAppend,full,i18n.js,main page (index.html),90-day band position,sentence,sentence in a card/banner/panel, (Only {n} distinct days in this window so far — treat as indicative.), (इस दायरे में अभी तक सिर्फ़ {n} अलग दिन हैं — इसे संकेत के तौर पर लें।), (इस दायरे में अभी सिर्फ़ {n} अलग-अलग दिन हैं — इसे मोटा अंदाज़ा ही समझें।),72,75,True,True,True
trendCheapStillFalling,full,i18n.js,main page (index.html),30-day trend residual,sentence,sentence in a card/banner/panel,"Cheap, but still falling — today is well below its usual trend for the month (dropping about ₹{slope} a day).","सस्ता है, लेकिन अभी भी गिर रहा है — आज की कीमत इस महीने के सामान्य ट्रेंड से काफ़ी नीचे है (करीब ₹{slope} रोज़ाना गिरावट)।","सस्ता है, पर अभी भी गिर रहा है — आज का भाव इस महीने के आम ट्रेंड से काफ़ी नीचे है (रोज़ करीब ₹{slope} की गिरावट)।",122,113,True,True,True
trendCheapSteadying,full,i18n.js,main page (index.html),30-day trend residual,sentence,sentence in a card/banner/panel,"Cheap, and steadying — despite the recent dip, today's price is back close to its usual trend for the month.","सस्ता है, और स्थिर हो रहा है — हाल की गिरावट के बावजूद, आज की कीमत इस महीने के सामान्य ट्रेंड के फिर से करीब आ गई है।","सस्ता है, और टिक रहा है — हाल की गिरावट के बावजूद आज का भाव इस महीने के आम ट्रेंड के फिर से क़रीब आ गया है।",117,107,False,True,True
trendFalling,full,i18n.js,main page (index.html),30-day trend residual,sentence,sentence in a card/banner/panel,Prices have been slipping about ₹{slope} a day this month.,इस महीने कीमत में रोज़ाना करीब ₹{slope} की गिरावट आ रही है।,इस महीने भाव रोज़ करीब ₹{slope} घट रहा है।,59,42,True,True,True
trendRising,full,i18n.js,main page (index.html),30-day trend residual,sentence,sentence in a card/banner/panel,Prices have been climbing about ₹{slope} a day this month.,इस महीने कीमत में रोज़ाना करीब ₹{slope} की बढ़ोतरी हो रही है।,इस महीने भाव रोज़ करीब ₹{slope} बढ़ रहा है।,61,43,True,True,True
trendFlat,full,i18n.js,main page (index.html),30-day trend residual,sentence,sentence in a card/banner/panel,"Prices have been steady this month, close to their usual trend.","इस महीने कीमत स्थिर रही है, अपने सामान्य ट्रेंड के करीब।","इस महीने भाव टिका रहा है, अपने आम ट्रेंड के क़रीब।",56,50,False,True,True
supportCheapAtSupport,full,i18n.js,main page (index.html),90-day support distance,sentence,sentence in a card/banner/panel,"Cheap, and sitting right at its 3-month low (₹{low}) — it hasn't dropped below this in {n} days.","सस्ता है, और अपने 3-महीने के न्यूनतम (₹{low}) पर टिका है — पिछले {n} दिनों में यह इससे नीचे नहीं गया।","सस्ता है, और 3 महीने के सबसे कम भाव (₹{low}) पर है — पिछले {n} दिनों में यह इससे नीचे नहीं गया।",101,95,True,True,True
supportCheapNotAtSupport,full,i18n.js,main page (index.html),90-day support distance,sentence,sentence in a card/banner/panel,"Cheap, but still {pct}% above its lowest price in 3 months (₹{low}).","सस्ता है, लेकिन अभी भी अपनी 3-महीने की सबसे कम कीमत (₹{low}) से {pct}% ऊपर है।","सस्ता है, पर 3 महीने के सबसे कम भाव (₹{low}) से अभी {pct}% ऊपर है।",78,66,True,True,True
supportNotCheapAtSupport,full,i18n.js,main page (index.html),90-day support distance,sentence,sentence in a card/banner/panel,"Right at its lowest price in 3 months (₹{low}), even though it's not among the cheapest days this month.","अपनी 3-महीने की सबसे कम कीमत (₹{low}) पर है, भले ही यह इस महीने के सबसे सस्ते दिनों में शामिल न हो।","3 महीने के सबसे कम भाव (₹{low}) पर है, भले ही यह इस महीने के सबसे सस्ते दिनों में नहीं है।",99,90,True,True,True
supportNotCheapNotAtSupport,full,i18n.js,main page (index.html),90-day support distance,sentence,sentence in a card/banner/panel,"{pct}% above its lowest price in 3 months (₹{low}, over the last {n} days).",अपनी 3-महीने की सबसे कम कीमत (₹{low}) से {pct}% ऊपर (पिछले {n} दिनों में)।,3 महीने के सबसे कम भाव (₹{low}) से {pct}% ऊपर (पिछले {n} दिनों में)।,74,68,True,True,True
supportSuffAppend,full,i18n.js,main page (index.html),90-day support distance,sentence,sentence in a card/banner/panel, (Only {n} distinct days in this 90-day window so far — treat as indicative.), (इस 90-दिन के दायरे में अभी तक सिर्फ़ {n} अलग दिन हैं — इसे संकेत के तौर पर लें।), (90 दिनों के इस दायरे में अभी सिर्फ़ {n} अलग-अलग दिन हैं — इसे मोटा अंदाज़ा ही समझें।),82,87,True,True,True
bannerIbjaToday,full,i18n.js,main page (index.html),State banners,banner/message,status banner or error message,"This is today's estimated price, from India's official gold rate — we couldn't check it against the shop rate just now.","यह आज की अनुमानित कीमत है, भारत की आधिकारिक सोने की दर से — हम इसे अभी दुकान की कीमत से जांच नहीं पाए।","यह आज का अनुमानित भाव है, जो भारत के आधिकारिक रोज़ के भाव से निकाला गया है — हम इसे अभी दुकान के भाव से मिला नहीं पाए।",102,118,False,True,True
bannerIbjaCarryForward,full,i18n.js,main page (index.html),State banners,banner/message,status banner or error message,"This is an estimated price, from India's official gold rate on {weekday} (the latest one) — we couldn't check it against the shop rate just now.","यह एक अनुमानित कीमत है, {weekday} की भारत की आधिकारिक सोने की दर से (सबसे हाल की) — हम इसे अभी दुकान की कीमत से जांच नहीं पाए।","यह एक अनुमानित भाव है, जो {weekday} के भारत के आधिकारिक भाव (सबसे ताज़ा) से निकाला गया है — हम इसे अभी दुकान के भाव से मिला नहीं पाए।",126,133,True,True,True
calibrationConfidenceAppend,full,i18n.js,main page (index.html),State banners,sentence,sentence in a card/banner/panel," Based on past comparisons, the real price has landed within about ₹{amount}/gram of this estimate about 7 times out of 10 so far.",, पिछली तुलनाओं के हिसाब से असली भाव अब तक लगभग 10 में से 7 बार इस अनुमान से करीब ₹{amount}/ग्राम के अंदर रहा है।,0,112,True,True,False
calibrationConfidenceAppend,coverage=null,i18n.js,main page (index.html),State banners,sentence,sentence in a card/banner/panel," Based on past comparisons, the real price lands within about ₹{amount}/gram of this estimate.",, पिछली तुलनाओं के हिसाब से असली भाव इस अनुमान से आम तौर पर करीब ₹{amount}/ग्राम के अंदर ही रहता है।,0,99,True,True,False
bannerTanishqLongSilent,full,i18n.js,main page (index.html),State banners,banner/message,status banner or error message, We haven't been able to read Tanishq's listed rate recently — the last successful check was {rel}., हाल में हम Tanishq की सूचीबद्ध दर नहीं पढ़ पाए — आख़िरी सफल जांच {rel} हुई थी।, हाल में हम Tanishq का बताया भाव पढ़ नहीं पाए — आख़िरी बार सफलतापूर्वक {rel} देखा था।,79,85,True,True,True
bannerFusion,full,i18n.js,main page (index.html),State banners,banner/message,status banner or error message,This is an estimated price based on other jewellers' rates ({sources}) — we couldn't reach Tanishq or the official rate just now.,यह अन्य जौहरियों की दरों ({sources}) पर आधारित एक अनुमानित कीमत है — हम अभी Tanishq या आधिकारिक दर तक नहीं पहुंच पाए।,यह दूसरे ज्वेलर्स के भाव ({sources}) पर आधारित अनुमानित भाव है — हम अभी Tanishq या आधिकारिक भाव तक नहीं पहुंच पाए।,117,114,True,True,True
bannerStaleConfirmed,full,i18n.js,main page (index.html),State banners,banner/message,status banner or error message,"We couldn't get a live price update — this is the last confirmed price, from {rel}.","हमें ताज़ी कीमत नहीं मिल पाई — यह आख़िरी पुष्टि की गई कीमत है, {rel}।","ताज़ा भाव नहीं मिल पाया — यह आख़िरी पक्का भाव है, जो {rel} का है।",69,65,True,True,True
unknownTime,full,i18n.js,main page (index.html),State banners,short label,short label/chip,an unknown time,अज्ञात समय,किसी अनजान समय,10,14,False,True,True
bannerRefreshFailed,full,i18n.js,main page (index.html),State banners,banner/message,status banner or error message,"Couldn't refresh — this is the last update, from {rel}","रीफ़्रेश नहीं हो पाया — यह आख़िरी अपडेट है, {rel}","रीफ़्रेश नहीं हो पाया — यह आख़िरी अपडेट है, जो {rel} का है",49,58,True,True,True
fusionSourceGrt,full,i18n.js,main page (index.html),State banners,short label,short label/chip,GRT,GRT,GRT,3,3,False,False,True
fusionSourceMalabar,full,i18n.js,main page (index.html),State banners,short label,short label/chip,Malabar,Malabar,Malabar,7,7,False,False,True
fusionSourceKalyan,full,i18n.js,main page (index.html),State banners,short label,short label/chip,Kalyan,Kalyan,Kalyan,6,6,False,False,True
fusionSourceFallback,full,i18n.js,main page (index.html),State banners,short label,short label/chip,retail consensus,बाज़ार की औसत दर,दुकानों का औसत भाव,16,18,False,True,True
freshnessEstimated,full,i18n.js,main page (index.html),Freshness pill,short label,short label/chip,Estimated · {rel},अनुमानित · {rel},अनुमानित · {rel},16,16,True,False,True
freshnessEstimatedAria,full,i18n.js,main page (index.html),Freshness pill,aria-label,"screen-reader label (aria-label), main page","Estimated shop price, official rate updated {rel}","अनुमानित दुकान की कीमत, आधिकारिक दर {rel} अपडेट हुई","दुकान के भाव का अनुमान, आधिकारिक भाव {rel} अपडेट हुआ",51,52,True,True,True
freshnessAsOfClose,full,i18n.js,main page (index.html),Freshness pill,sentence,sentence in a card/banner/panel,As of {weekday} close,{weekday} के बंद भाव के अनुसार,{weekday} के बंद भाव के अनुसार,30,30,True,False,True
freshnessAsOfCloseAria,full,i18n.js,main page (index.html),Freshness pill,aria-label,"screen-reader label (aria-label), main page","Estimated shop price, from {weekday}'s official rate","अनुमानित दुकान की कीमत, {weekday} की आधिकारिक दर से","दुकान के भाव का अनुमान, {weekday} के आधिकारिक भाव से",51,52,True,True,True
freshnessConsensus,full,i18n.js,main page (index.html),Freshness pill,sentence,sentence in a card/banner/panel,Consensus estimate · {rel},औसत दर का अनुमान · {rel},दुकानों के औसत भाव का अनुमान · {rel},24,36,True,True,True
freshnessConsensusAria,full,i18n.js,main page (index.html),Freshness pill,aria-label,"screen-reader label (aria-label), main page","Retail consensus estimate, updated {rel}","खुदरा बाज़ार की औसत दर का अनुमान, {rel} अपडेट हुआ","दुकानों के औसत भाव का अनुमान, {rel} अपडेट हुआ",49,45,True,True,True
freshnessAwaiting,full,i18n.js,main page (index.html),Freshness pill,short label,short label/chip,Awaiting first reading,पहली रीडिंग का इंतज़ार,पहले भाव का इंतज़ार,22,19,False,True,True
freshnessNotUpdating,full,i18n.js,main page (index.html),Freshness pill,short label,short label/chip,Not updating · {rel},अपडेट नहीं हो रहा · {rel},अपडेट नहीं हो रहा · {rel},25,25,True,False,True
freshnessNotUpdatingAria,full,i18n.js,main page (index.html),Freshness pill,aria-label,"screen-reader label (aria-label), main page","Not updating, last updated {rel}","अपडेट नहीं हो रहा, आख़िरी बार {rel} अपडेट हुआ","अपडेट नहीं हो रहा, आख़िरी बार {rel} अपडेट हुआ",45,45,True,False,True
freshnessStale,full,i18n.js,main page (index.html),Freshness pill,short label,short label/chip,Stale · {rel},पुराना · {rel},पुराना · {rel},14,14,True,False,True
freshnessStaleAria,full,i18n.js,main page (index.html),Freshness pill,aria-label,"screen-reader label (aria-label), main page","Data stale, last updated {rel}","डेटा पुराना है, आख़िरी बार {rel} अपडेट हुआ","भाव पुराना है, आख़िरी बार {rel} अपडेट हुआ",42,41,True,True,True
freshnessOkAria,full,i18n.js,main page (index.html),Freshness pill,aria-label,"screen-reader label (aria-label), main page",Updated {rel},{rel} अपडेट हुआ,{rel} अपडेट हुआ,15,15,True,False,True
offlineWithTime,full,i18n.js,main page (index.html),Offline banner,banner/message,status banner or error message,You're offline — showing prices from {rel},आप ऑफ़लाइन हैं — {rel} की कीमत दिखाई जा रही है,आप ऑफ़लाइन हैं — {rel} का भाव दिखा रहे हैं,46,42,True,True,True
offlineNoData,full,i18n.js,main page (index.html),Offline banner,banner/message,status banner or error message,You're offline — no prices loaded yet,आप ऑफ़लाइन हैं — अभी तक कोई कीमत लोड नहीं हुई,आप ऑफ़लाइन हैं — अभी तक कोई भाव लोड नहीं हुआ,45,44,False,True,True
heroEstimatedRange,full,i18n.js,main page (index.html),Hero,sentence,sentence in a card/banner/panel,estimated range ₹{low}–₹{high},अनुमानित रेंज ₹{low}–₹{high},अनुमानित रेंज ₹{low}–₹{high},28,28,True,False,True
heroLabelTanishqLive,full,i18n.js,main page (index.html),Hero,sentence,sentence in a card/banner/panel,"Tanishq's listed 22K rate, checked {when}","Tanishq की सूचीबद्ध 22K दर, {when} जांची गई","Tanishq की साइट पर दिया 22 कैरेट भाव, {when} देखा गया",43,53,True,True,True
heroLabelTanishqLastChecked,full,i18n.js,main page (index.html),Hero,sentence,sentence in a card/banner/panel,"Tanishq's listed 22K rate, last checked {when}","Tanishq की सूचीबद्ध 22K दर, आख़िरी बार {when} जांची गई","Tanishq की साइट पर दिया 22 कैरेट भाव, आख़िरी बार {when} देखा गया",54,64,True,True,True
heroLabelEstimateIbja,full,i18n.js,main page (index.html),Hero,sentence,sentence in a card/banner/panel,"Our estimate for today, from India's official gold rate","आज के लिए हमारा अनुमान, भारत की आधिकारिक सोने की दर से","आज के लिए हमारा अनुमान, भारत के आधिकारिक रोज़ के भाव से",54,55,False,True,True
heroLabelEstimateFusion,full,i18n.js,main page (index.html),Hero,sentence,sentence in a card/banner/panel,"Our estimate for today, based on other jewellers' listed rates","आज के लिए हमारा अनुमान, दूसरे जौहरियों की सूचीबद्ध दरों पर आधारित","आज के लिए हमारा अनुमान, दूसरे ज्वेलर्स के बताए भाव पर आधारित",65,60,False,True,True
heroTanishqLastRate,full,i18n.js,main page (index.html),Hero,sentence,sentence in a card/banner/panel,"Tanishq's listed rate, checked {when}: ₹{price}","Tanishq की सूचीबद्ध दर, {when} जांची गई: ₹{price}","Tanishq का बताया भाव, {when} देखा गया: ₹{price}",49,47,True,True,True
heroTanishqOldRate,full,i18n.js,main page (index.html),Hero,sentence,sentence in a card/banner/panel,"Tanishq's listed rate when last checked, {when}: ₹{price} — not updated since","Tanishq की सूचीबद्ध दर, आख़िरी बार {when} जांची गई: ₹{price} — तब से अपडेट नहीं हुई","Tanishq का बताया भाव, आख़िरी बार {when} देखा गया: ₹{price} — तब से अपडेट नहीं हुआ",83,81,True,True,True
whenToday,full,i18n.js,main page (index.html),Hero,short label,short label/chip,{time} today,आज {time},आज {time},9,9,True,False,True
whenYesterday,full,i18n.js,main page (index.html),Hero,short label,short label/chip,{time} yesterday,कल {time},बीते कल {time},9,14,True,True,True
whenOnDate,full,i18n.js,main page (index.html),Hero,short label,short label/chip,"{time}, {date}","{date}, {time}","{date}, {time}",14,14,True,False,True
sparklineRange,full,i18n.js,main page (index.html),Hero,short label,short label/chip,₹{min} – ₹{max},₹{min} – ₹{max},₹{min} – ₹{max},15,15,True,False,True
sparklineRangeEstimate,full,i18n.js,main page (index.html),Hero,short label,short label/chip,₹{min} – ₹{max} (estimate),₹{min} – ₹{max} (अनुमान),₹{min} – ₹{max} (अनुमान),24,24,True,False,True
sparklineAria,full,i18n.js,main page (index.html),Hero,aria-label,"screen-reader label (aria-label), main page",7-day price trend: {dir} ₹{delta},7-दिन का कीमत ट्रेंड: {dir} ₹{delta},7 दिन का भाव ट्रेंड: {dir} ₹{delta},36,35,True,True,True
trendDirUp,full,i18n.js,main page (index.html),Hero,short label,short label/chip,up,बढ़त,बढ़त,4,4,False,False,True
trendDirDown,full,i18n.js,main page (index.html),Hero,short label,short label/chip,down,गिरावट,गिरावट,6,6,False,False,True
historySince,full,i18n.js,main page (index.html),History,short label,short label/chip,Since {date},{date} से,{date} से,9,9,True,False,True
historyRange,full,i18n.js,main page (index.html),History,short label,short label/chip,{from} – {to},{from} – {to},{from} – {to},13,13,True,False,True
historyRangeCard,full,i18n.js,main page (index.html),History,short label,short label/chip,{from}–{to},{from}–{to},{from}–{to},11,11,True,False,True
historyNoReadings,full,i18n.js,main page (index.html),History,sentence,sentence in a card/banner/panel,No readings yet.,अभी तक कोई रीडिंग नहीं।,अभी तक कोई भाव दर्ज नहीं हुआ।,23,29,False,True,True
historyShowMore,full,i18n.js,main page (index.html),History,short label,short label/chip,Show {n} more,{n} और दिखाएं,{n} और दिखाएं,13,13,True,False,True
historyShowLess,full,i18n.js,main page (index.html),History,short label,short label/chip,Show less,कम दिखाएं,कम दिखाएं,9,9,False,False,True
chart22kLabel,full,i18n.js,main page (index.html),Chart labels (Chart.js legend/tooltip),label,button/label/card text,{k}K (₹/g),{k}K (₹/ग्राम),{k} कैरेट (₹/ग्राम),14,19,True,True,True
chart22kTooltip,full,i18n.js,main page (index.html),Chart labels (Chart.js legend/tooltip),short label,short label/chip,{k}K: ₹{value},{k}K: ₹{value},{k} कैरेट: ₹{value},14,19,True,True,True
chartEstimateLabel,full,i18n.js,main page (index.html),Chart labels (Chart.js legend/tooltip),label,button/label/card text,{k}K estimate (₹/g),{k}K अनुमान (₹/ग्राम),{k} कैरेट अनुमान (₹/ग्राम),21,26,True,True,True
chartEstimateTooltip,full,i18n.js,main page (index.html),Chart labels (Chart.js legend/tooltip),sentence,sentence in a card/banner/panel,{k}K estimate: ≈ ₹{value},{k}K अनुमान: ≈ ₹{value},{k} कैरेट अनुमान: ≈ ₹{value},23,28,True,True,True
chartNoteEstimate,full,i18n.js,main page (index.html),Chart labels (Chart.js legend/tooltip),sentence,sentence in a card/banner/panel,Estimate from India's official daily gold rate,भारत की आधिकारिक रोज़ाना सोने की दर से अनुमान,भारत के आधिकारिक रोज़ के भाव से निकाला अनुमान,45,45,False,True,True
chartNoteTanishq,full,i18n.js,main page (index.html),Chart labels (Chart.js legend/tooltip),short label,short label/chip,Tanishq's listed rate,Tanishq की सूचीबद्ध दर,Tanishq का बताया भाव,22,20,False,True,True
chartWhatHappened,full,i18n.js,main page (index.html),Chart labels (Chart.js legend/tooltip),short label,short label/chip,Actual price,असली कीमत,असली भाव,9,8,False,True,True
chartFlatHoldEstimate,full,i18n.js,main page (index.html),Chart labels (Chart.js legend/tooltip),short label,short label/chip,Our estimate,हमारा अनुमान,हमारा अनुमान,12,12,False,False,True
chartTooltipLabeled,full,i18n.js,main page (index.html),Chart labels (Chart.js legend/tooltip),short label,short label/chip,{label}: ₹{value},{label}: ₹{value},{label}: ₹{value},17,17,True,False,True
driverHeadline,full,i18n.js,main page (index.html),Driver context,sentence,sentence in a card/banner/panel,"{lead} — {first}, and {second}.","{lead} — {first}, और {second}।","{lead} — {first}, और {second}।",30,30,True,False,True
driverWeekUp,full,i18n.js,main page (index.html),Driver context,sentence,sentence in a card/banner/panel,Gold is up about ₹{total} this week,इस हफ्ते सोना करीब ₹{total} महंगा हुआ है,इस हफ़्ते सोना करीब ₹{total} महंगा हुआ है,40,41,True,True,True
driverWeekDown,full,i18n.js,main page (index.html),Driver context,sentence,sentence in a card/banner/panel,Gold is down about ₹{total} this week,इस हफ्ते सोना करीब ₹{total} सस्ता हुआ है,इस हफ़्ते सोना करीब ₹{total} सस्ता हुआ है,40,41,True,True,True
driverPartGoldAdded,full,i18n.js,main page (index.html),Driver context,sentence,sentence in a card/banner/panel,global gold prices added about ₹{gold},वैश्विक सोने की कीमतों ने करीब ₹{gold} जोड़े,दुनिया के बाज़ार में सोने के भाव से करीब ₹{gold} बढ़े,44,53,True,True,True
driverPartGoldTookOff,full,i18n.js,main page (index.html),Driver context,sentence,sentence in a card/banner/panel,global gold prices took off about ₹{gold},वैश्विक सोने की कीमतों ने करीब ₹{gold} घटाए,दुनिया के बाज़ार में सोने के भाव से करीब ₹{gold} घटे,43,52,True,True,True
driverPartGoldFlat,full,i18n.js,main page (index.html),Driver context,sentence,sentence in a card/banner/panel,global gold prices were roughly flat,वैश्विक सोने की कीमतें लगभग स्थिर रहीं,दुनिया के बाज़ार में सोने का भाव लगभग टिका रहा,38,46,False,True,True
driverPartRupeeAdded,full,i18n.js,main page (index.html),Driver context,sentence,sentence in a card/banner/panel,a weaker rupee added about ₹{inr},कमज़ोर रुपये ने करीब ₹{inr} जोड़े,कमज़ोर रुपये से करीब ₹{inr} बढ़े,33,32,True,True,True
driverPartRupeeTookOff,full,i18n.js,main page (index.html),Driver context,sentence,sentence in a card/banner/panel,a stronger rupee took off about ₹{inr},मज़बूत रुपये ने करीब ₹{inr} घटाए,मज़बूत रुपये से करीब ₹{inr} घटे,32,31,True,True,True
driverPartRupeeFlat,full,i18n.js,main page (index.html),Driver context,short label,short label/chip,the rupee was roughly flat,रुपया लगभग स्थिर रहा,रुपया लगभग टिका रहा,20,19,False,True,True
driverUpMixed,full,i18n.js,main page (index.html),Driver context,sentence,sentence in a card/banner/panel,"Gold is up about ₹{total} this week, from a mix of global prices and the rupee.","इस हफ्ते सोना करीब ₹{total} महंगा हुआ है, वैश्विक कीमतों और रुपये दोनों के मिले-जुले असर से।","इस हफ़्ते सोना करीब ₹{total} महंगा हुआ है, दुनिया के बाज़ार के भाव और रुपये, दोनों के मिले-जुले असर से।",92,103,True,True,True
driverDownMixed,full,i18n.js,main page (index.html),Driver context,sentence,sentence in a card/banner/panel,"Gold is down about ₹{total} this week, from a mix of global prices and the rupee.","इस हफ्ते सोना करीब ₹{total} सस्ता हुआ है, वैश्विक कीमतों और रुपये दोनों के मिले-जुले असर से।","इस हफ़्ते सोना करीब ₹{total} सस्ता हुआ है, दुनिया के बाज़ार के भाव और रुपये, दोनों के मिले-जुले असर से।",92,103,True,True,True
driverRupeeWeakened,full,i18n.js,main page (index.html),Driver context,sentence,sentence in a card/banner/panel,The rupee has weakened about {pct}% this month —{mechanism},रुपया इस महीने करीब {pct}% कमज़ोर हुआ है —{mechanism},रुपया इस महीने करीब {pct}% कमज़ोर हुआ है —{mechanism},53,53,True,False,True
driverRupeeStrengthened,full,i18n.js,main page (index.html),Driver context,sentence,sentence in a card/banner/panel,The rupee has strengthened about {pct}% this month —{mechanism},रुपया इस महीने करीब {pct}% मज़बूत हुआ है —{mechanism},रुपया इस महीने करीब {pct}% मज़बूत हुआ है —{mechanism},53,53,True,False,True
driverMechanismWeaker,full,i18n.js,main page (index.html),Driver context,sentence,sentence in a card/banner/panel, a weaker rupee makes imported gold pricier in India., कमज़ोर रुपये से भारत में आयातित सोना महंगा हो जाता है।, कमज़ोर रुपये से बाहर से आया सोना भारत में महंगा पड़ता है।,55,58,False,True,True
driverMechanismStronger,full,i18n.js,main page (index.html),Driver context,sentence,sentence in a card/banner/panel, a stronger rupee makes imported gold cheaper in India., मज़बूत रुपये से भारत में आयातित सोना सस्ता हो जाता है।, मज़बूत रुपये से बाहर से आया सोना भारत में सस्ता पड़ता है।,55,58,False,True,True
driverGoldUp,full,i18n.js,main page (index.html),Driver context,sentence,sentence in a card/banner/panel,Global gold prices are up about {pct}% this month.,वैश्विक सोने की कीमतें इस महीने करीब {pct}% बढ़ी हैं।,दुनिया के बाज़ार में सोने का भाव इस महीने करीब {pct}% बढ़ा है।,53,62,True,True,True
driverGoldDown,full,i18n.js,main page (index.html),Driver context,sentence,sentence in a card/banner/panel,Global gold prices are down about {pct}% this month.,वैश्विक सोने की कीमतें इस महीने करीब {pct}% गिरी हैं।,दुनिया के बाज़ार में सोने का भाव इस महीने करीब {pct}% घटा है।,53,61,True,True,True
driverPremiumDominated,full,i18n.js,main page (index.html),Driver context,sentence,sentence in a card/banner/panel,Indian gold has moved more than the global price or rupee explain — likely import costs or festival demand at home.,भारत में सोने की कीमत वैश्विक कीमत या रुपये से ज़्यादा बदली है — शायद आयात लागत या त्योहारी मांग की वजह से।,"भारत में सोने का भाव दुनिया के भाव और रुपये से जितना समझ आता है, उससे ज़्यादा बदला है — शायद आयात के ख़र्च या यहां त्योहारों की मांग की वजह से।",107,143,False,True,True
driverAllFlat,full,i18n.js,main page (index.html),Driver context,sentence,sentence in a card/banner/panel,"Nothing much moved this month — global prices, the rupee, and local demand have all been quiet.","इस महीने ज़्यादा कुछ नहीं बदला — वैश्विक कीमतें, रुपया, और स्थानीय मांग, सब स्थिर रहे।","इस महीने कुछ ख़ास नहीं बदला — दुनिया के भाव, रुपया और यहां की मांग, सब शांत रहे।",86,80,False,True,True
driverStateUnavailable,full,i18n.js,main page (index.html),Driver context,sentence,sentence in a card/banner/panel,Global prices and the rupee have been quiet this month — local demand data isn't available to check separately.,इस महीने वैश्विक कीमतें और रुपया स्थिर रहे हैं — स्थानीय मांग का डेटा अलग से जांचने के लिए उपलब्ध नहीं है।,इस महीने दुनिया के भाव और रुपया शांत रहे हैं — यहां की मांग का डेटा अलग से जांचने के लिए उपलब्ध नहीं है।,106,104,False,True,True
accSummaryIntro,full,i18n.js,main page (index.html),Accuracy summary (methodology accordion),sentence,sentence in a card/banner/panel,We regularly compare our estimate with real shop prices and correct it when it drifts.,हम अपने अनुमान को नियमित रूप से दुकान की असली कीमतों से मिलाते हैं और ज़रूरत पड़ने पर सुधारते हैं।,"हम अपने अनुमान को नियमित रूप से दुकान के असली भाव से मिलाते हैं, और भाव से दूर जाने पर उसे ठीक करते हैं।",98,104,False,True,True
accSummaryDirectionOff,full,i18n.js,main page (index.html),Accuracy summary (methodology accordion),sentence,sentence in a card/banner/panel,We don't guess whether prices will rise or fall next.,हम यह अंदाज़ा नहीं लगाते कि कीमत आगे बढ़ेगी या घटेगी।,हम यह अंदाज़ा नहीं लगाते कि भाव आगे बढ़ेगा या घटेगा।,53,52,False,True,True
accSummaryLinkText,full,i18n.js,main page (index.html),Accuracy summary (methodology accordion),short label,short label/chip,See the numbers behind this →,इसके पीछे के आंकड़े देखें →,इनके पीछे के आंकड़े देखें →,27,27,False,True,True
errPriceUnavailable,full,i18n.js,main page (index.html),Error / degrade paths,banner/message,status banner or error message,Price unavailable,कीमत उपलब्ध नहीं,भाव उपलब्ध नहीं,16,15,False,True,True
errCouldntLoadPrice,full,i18n.js,main page (index.html),Error / degrade paths,banner/message,status banner or error message,Couldn't load the latest price. Check your connection and try again.,ताज़ी कीमत लोड नहीं हो पाई। अपना कनेक्शन जांचें और फिर कोशिश करें।,ताज़ा भाव लोड नहीं हो पाया। अपना इंटरनेट जांचें और फिर कोशिश करें।,66,66,False,True,True
errCouldntLoadHistory,full,i18n.js,main page (index.html),Error / degrade paths,banner/message,status banner or error message,Couldn't load price history.,कीमत का इतिहास लोड नहीं हो पाया।,पुराने भाव लोड नहीं हो पाए।,32,27,False,True,True
errCouldntLoadMethodology,full,i18n.js,main page (index.html),Error / degrade paths,banner/message,status banner or error message,This part didn't load — usually because the internet connection dropped. Today's gold price above is not affected. Please refresh the page to try again.,,यह हिस्सा लोड नहीं हुआ — आम तौर पर इंटरनेट कट जाने से ऐसा होता है। ऊपर दिया आज का सोने का भाव इससे प्रभावित नहीं है। दोबारा कोशिश करने के लिए पेज रीफ़्रेश करें।,0,160,False,True,False
relJustNow,full,i18n.js,main page (index.html),Relative time (fmtRelative),label,button/label/card text,just now,अभी-अभी,अभी-अभी,7,7,False,False,True
relMinAgo,full,i18n.js,main page (index.html),Relative time (fmtRelative),label,button/label/card text,{n} min ago,{n} मिनट पहले,{n} मिनट पहले,13,13,True,False,True
relHoursAgo,full,i18n.js,main page (index.html),Relative time (fmtRelative),label,button/label/card text,{n}h ago,{n} घंटे पहले,{n} घंटे पहले,13,13,True,False,True
relDaysAgo,full,i18n.js,main page (index.html),Relative time (fmtRelative),label,button/label/card text,{n}d ago,{n} दिन पहले,{n} दिन पहले,12,12,True,False,True
pv2AriaLabel,full,i18n.js,main page (index.html),"Page v2 (item 6, flagged OFF) — five-jobs view",aria-label,"screen-reader label (aria-label), main page",A five-question view of today's gold price,आज सोने की कीमत — पांच आसान सवालों में,आज के सोने के भाव पर पांच आसान सवाल,38,35,False,True,True
pv2Job1Heading,full,i18n.js,main page (index.html),"Page v2 (item 6, flagged OFF) — five-jobs view",heading,section heading,1. What's the price now?,1. अभी कीमत क्या है?,1. अभी भाव क्या है?,20,19,False,True,True
pv2SourceEstimate,full,i18n.js,main page (index.html),"Page v2 (item 6, flagged OFF) — five-jobs view",sentence,sentence in a card/banner/panel,"An estimate, matched to India's official gold rate and Tanishq's own numbers.","एक अनुमान, जो भारत की आधिकारिक सोने की दर और Tanishq के आंकड़ों से मिलाकर बनाया गया है।","एक अनुमान, जो भारत के आधिकारिक भाव और Tanishq के भाव से मिलाकर बनाया गया है।",87,76,False,True,True
pv2SourceConsensus,full,i18n.js,main page (index.html),"Page v2 (item 6, flagged OFF) — five-jobs view",sentence,sentence in a card/banner/panel,An estimate from other jewellers' rates — Tanishq and the official rate were both unavailable just now.,"दूसरे जौहरियों की दरों से बना अनुमान — अभी Tanishq और आधिकारिक दर, दोनों उपलब्ध नहीं थे।","दूसरे ज्वेलर्स के भाव से बना अनुमान — अभी Tanishq और आधिकारिक भाव, दोनों नहीं मिल पाए।",88,86,False,True,True
pv2SourceConfirmed,full,i18n.js,main page (index.html),"Page v2 (item 6, flagged OFF) — five-jobs view",sentence,sentence in a card/banner/panel,Confirmed live at Tanishq.,Tanishq पर लाइव पुष्टि की गई कीमत।,Tanishq पर अभी का पक्का भाव।,34,28,False,True,True
pv2PriceUnavailable,full,i18n.js,main page (index.html),"Page v2 (item 6, flagged OFF) — five-jobs view",sentence,sentence in a card/banner/panel,We don't have a price to show right now.,अभी दिखाने के लिए कोई कीमत उपलब्ध नहीं है।,अभी दिखाने के लिए कोई भाव नहीं है।,42,34,False,True,True
pv2Job2Heading,full,i18n.js,main page (index.html),"Page v2 (item 6, flagged OFF) — five-jobs view",heading,section heading,2. How sure are we?,2. हमें कितना भरोसा है?,2. हमें कितना भरोसा है?,23,23,False,False,True
pv2ConfidenceNote,full,i18n.js,main page (index.html),"Page v2 (item 6, flagged OFF) — five-jobs view",sentence,sentence in a card/banner/panel,"We show a range, not just one number, because gold prices move day to day. That range has held the real price {frac} so far.","हम सिर्फ़ एक आंकड़ा नहीं, एक दायरा दिखाते हैं, क्योंकि सोने की कीमत रोज़ बदलती है। अब तक असली कीमत इस दायरे के भीतर {frac} रही है।","हम सिर्फ़ एक आंकड़ा नहीं, एक रेंज दिखाते हैं, क्योंकि सोने का भाव रोज़ बदलता है। असली भाव अब तक {frac} इस रेंज के अंदर रहा है।",130,126,True,True,True
pv2ConfidenceUnknown,full,i18n.js,main page (index.html),"Page v2 (item 6, flagged OFF) — five-jobs view",sentence,sentence in a card/banner/panel,We don't have a recent enough track record to say how often our range holds — check back soon.,हमारे पास इतना हाल का रिकॉर्ड नहीं है कि बता सकें हमारा दायरा कितनी बार सही रहता है — कुछ समय बाद फिर देखें।,हमारे पास इतना ताज़ा रिकॉर्ड नहीं है कि बता सकें हमारी रेंज कितनी बार सही रहती है — कुछ समय बाद फिर देखें।,108,106,False,True,True
pv2Job3Heading,full,i18n.js,main page (index.html),"Page v2 (item 6, flagged OFF) — five-jobs view",heading,section heading,3. How much could it move?,3. कीमत कितनी बदल सकती है?,3. भाव कितना बदल सकता है?,26,25,False,True,True
pv2RangeOneDay,full,i18n.js,main page (index.html),"Page v2 (item 6, flagged OFF) — five-jobs view",sentence,sentence in a card/banner/panel,By the next trading day: likely between ₹{low} and ₹{high}.,अगले कारोबारी दिन तक: यह ₹{low} से ₹{high} के बीच रहने की संभावना है।,अगले कारोबारी दिन तक: ₹{low} से ₹{high} के बीच रहने की संभावना है।,69,66,True,True,True
pv2RangeSevenDay,full,i18n.js,main page (index.html),"Page v2 (item 6, flagged OFF) — five-jobs view",sentence,sentence in a card/banner/panel,Over the next 7 days: likely between ₹{low} and ₹{high}.,अगले 7 दिनों में: यह ₹{low} से ₹{high} के बीच रहने की संभावना है।,अगले 7 दिनों में: ₹{low} से ₹{high} के बीच रहने की संभावना है।,65,62,True,True,True
pv2RangeOddsClause,full,i18n.js,main page (index.html),"Page v2 (item 6, flagged OFF) — five-jobs view",sentence,sentence in a card/banner/panel, A range like this has held {frac} in the past., ऐसा दायरा पहले {frac} सही साबित हुआ है।, ऐसी रेंज पहले {frac} सही साबित हुई है।,40,39,True,True,True
pv2RangeUnavailable,full,i18n.js,main page (index.html),"Page v2 (item 6, flagged OFF) — five-jobs view",sentence,sentence in a card/banner/panel,We don't have a short-term range to show today.,आज दिखाने के लिए कोई छोटी अवधि का दायरा उपलब्ध नहीं है।,आज दिखाने के लिए कोई छोटी अवधि की रेंज नहीं है।,55,47,False,True,True
pv2Job4Heading,full,i18n.js,main page (index.html),"Page v2 (item 6, flagged OFF) — five-jobs view",heading,section heading,4. Is it a good price?,4. क्या यह अच्छी कीमत है?,4. क्या यह अच्छा भाव है?,25,24,False,True,True
pv2Weekly30dLabel,full,i18n.js,main page (index.html),"Page v2 (item 6, flagged OFF) — five-jobs view",label,button/label/card text,Compared with the last month:,पिछले महीने की तुलना में:,पिछले महीने की तुलना में:,25,25,False,False,True
pv2Weekly90dLabel,full,i18n.js,main page (index.html),"Page v2 (item 6, flagged OFF) — five-jobs view",label,button/label/card text,Compared with the last three months:,पिछले तीन महीनों की तुलना में:,पिछले तीन महीनों की तुलना में:,30,30,False,False,True
pv2WeeklyLower,full,i18n.js,main page (index.html),"Page v2 (item 6, flagged OFF) — five-jobs view",sentence,sentence in a card/banner/panel,Lower than on {count} of the last {n} weeks.,पिछले {n} हफ्तों में से {count} हफ्तों से कम।,पिछले {n} हफ़्तों में से {count} हफ़्तों से कम।,45,47,True,True,True
pv2WeeklyHigher,full,i18n.js,main page (index.html),"Page v2 (item 6, flagged OFF) — five-jobs view",sentence,sentence in a card/banner/panel,Higher than on {count} of the last {n} weeks.,पिछले {n} हफ्तों में से {count} हफ्तों से ज़्यादा।,पिछले {n} हफ़्तों में से {count} हफ़्तों से ज़्यादा।,50,52,True,True,True
pv2WeeklyAboutSame,full,i18n.js,main page (index.html),"Page v2 (item 6, flagged OFF) — five-jobs view",sentence,sentence in a card/banner/panel,About the same as most of the last {n} weeks.,पिछले {n} हफ्तों के ज़्यादातर हफ्तों जैसी ही — लगभग बराबर।,पिछले {n} हफ़्तों में से ज़्यादातर के लगभग बराबर।,58,49,True,True,True
pv2WeeklyTooLittleData,full,i18n.js,main page (index.html),"Page v2 (item 6, flagged OFF) — five-jobs view",sentence,sentence in a card/banner/panel,We don't have enough weeks of price history yet to say.,यह बताने के लिए अभी हमारे पास पर्याप्त हफ्तों का कीमत इतिहास नहीं है।,यह बताने के लिए अभी हमारे पास काफ़ी हफ़्तों का भाव नहीं है।,69,59,False,True,True
pv2Job5Heading,full,i18n.js,main page (index.html),"Page v2 (item 6, flagged OFF) — five-jobs view",heading,section heading,5. What will I pay?,5. मुझे कितना देना होगा?,5. मुझे कितना देना होगा?,24,24,False,False,True
pv2MarkupHeading,full,i18n.js,main page (index.html),"Page v2 (item 6, flagged OFF) — five-jobs view",heading,section heading,How Tanishq compares to the market,Tanishq बाज़ार के मुक़ाबले कैसा है,Tanishq का भाव बाज़ार के मुक़ाबले कैसा है,34,41,False,True,True
pv2MarkupLine,full,i18n.js,main page (index.html),"Page v2 (item 6, flagged OFF) — five-jobs view",sentence,sentence in a card/banner/panel,Tanishq is charging about {pct}% above the market rate today{suffix},Tanishq का आज का भाव बाज़ार दर से करीब {pct}% ज़्यादा है{suffix},Tanishq का आज का भाव बाज़ार भाव से करीब {pct}% ज़्यादा है{suffix},64,65,True,True,True
pv2MarkupSuffixHigher,full,i18n.js,main page (index.html),"Page v2 (item 6, flagged OFF) — five-jobs view",short label,short label/chip, — higher than usual., — सामान्य से ज़्यादा।, — आम से ज़्यादा।,22,17,False,True,True
pv2MarkupSuffixLower,full,i18n.js,main page (index.html),"Page v2 (item 6, flagged OFF) — five-jobs view",short label,short label/chip, — lower than usual., — सामान्य से कम।, — आम से कम।,17,12,False,True,True
pv2MarkupSuffixUsual,full,i18n.js,main page (index.html),"Page v2 (item 6, flagged OFF) — five-jobs view",short label,short label/chip, — about usual., — करीब सामान्य।, — लगभग आम।,16,11,False,True,True
pv2WaitOrBuyHeading,full,i18n.js,main page (index.html),"Page v2 (item 6, flagged OFF) — five-jobs view",heading,section heading,Should I wait or buy now?,क्या इंतज़ार करूं या अभी खरीदूं?,इंतज़ार करूं या अभी ख़रीदूं?,32,28,False,True,True
pv2EventWatchHeading,full,i18n.js,main page (index.html),"Page v2 (item 6, flagged OFF) — five-jobs view",heading,section heading,Upcoming events that could move the price,आने वाली घटनाएं जो कीमत बदल सकती हैं,आने वाली ऐसी बातें जो भाव बदल सकती हैं,36,38,False,True,True
hwkPageTitle,full,how-we-know-strings.js,how-we-know.html,,sentence,how-we-know.html: sentence in a card/banner/panel,How we know · Gold Rate Today,,हम कैसे जानते हैं · आज सोने का भाव,0,34,False,True,False
hwkPageDescription,full,how-we-know-strings.js,how-we-know.html,,sentence,how-we-know.html: sentence in a card/banner/panel,"The full numbers behind Gold Rate Today's estimate: how the range is built, how accurate it has actually been, and why there's no rising/falling forecast.",,"आज के सोने के भाव के अनुमान के पीछे के पूरे आंकड़े: रेंज कैसे बनती है, यह असल में कितनी सही रही है, और भाव के बढ़ने-घटने का अंदाज़ा क्यों नहीं दिखाया जाता।",0,155,False,True,False
hwkHeading,full,how-we-know-strings.js,how-we-know.html,,heading,how-we-know.html: section heading,How we know,,हम कैसे जानते हैं,0,17,False,True,False
hwkIntro,full,how-we-know-strings.js,how-we-know.html,,sentence,how-we-know.html: sentence in a card/banner/panel,"This page shows the full detail behind the short summary on the main page — the exact numbers, and how we check them.",,"यहां मुख्य पेज के छोटे सार के पीछे की पूरी जानकारी है — सटीक आंकड़े, और हम उन्हें कैसे जांचते हैं।",0,98,False,True,False
hwkBackLink,full,how-we-know-strings.js,how-we-know.html,,short label,how-we-know.html: short label/chip,← Back to Gold Rate Today,,← आज सोने का भाव पर वापस,0,24,False,True,False
hwkLoading,full,how-we-know-strings.js,how-we-know.html,,short label,how-we-know.html: short label/chip,Loading…,,लोड हो रहा है…,0,14,False,True,False
hwkEmpty,full,how-we-know-strings.js,how-we-know.html,,sentence,how-we-know.html: sentence in a card/banner/panel,Not enough data yet to show this — check back once a few more readings have come in.,,यह दिखाने के लिए अभी काफ़ी डेटा नहीं है — कुछ और भाव दर्ज होने के बाद फिर देखें।,0,80,False,True,False
hwkError,full,how-we-know-strings.js,how-we-know.html,,sentence,how-we-know.html: sentence in a card/banner/panel,This page didn't load — usually because the internet connection dropped. The gold price on the main page is not affected. Please refresh this page to try again.,,यह पेज लोड नहीं हुआ — आम तौर पर इंटरनेट कट जाने से ऐसा होता है। मुख्य पेज पर सोने का भाव इससे प्रभावित नहीं है। दोबारा कोशिश करने के लिए यह पेज रीफ़्रेश करें।,0,158,False,True,False
methHowWeCallTrendHeading,full,how-we-know-strings.js,how-we-know.html,How we call a trend,heading,how-we-know.html: section heading,How we call a trend,हम ट्रेंड कैसे तय करते हैं,हम ट्रेंड कैसे तय करते हैं,26,26,False,False,True
methHowWeCallTrendIntro,full,how-we-know-strings.js,how-we-know.html,How we call a trend,sentence,how-we-know.html: sentence in a card/banner/panel,We only call a trend when two separate checks agree — that way one odd reading doesn't set off a false alarm.,हम ट्रेंड तभी बताते हैं जब दो अलग जांच एक-दूसरे से सहमत हों — इससे एक अजीब रीडिंग की वजह से झूठी चेतावनी नहीं मिलती।,हम ट्रेंड तभी बताते हैं जब दो अलग जांच एक-दूसरे से मेल खाएं — इससे एक अजीब भाव की वजह से झूठा संकेत नहीं मिलता।,116,111,False,True,True
methRuleCheaper,full,how-we-know-strings.js,how-we-know.html,How we call a trend,sentence,how-we-know.html: sentence in a card/banner/panel,"<strong>Getting cheaper:</strong> price has dropped more than ₹100 in a week, and the estimate or monthly average agrees","<strong>कीमत घटना:</strong> एक हफ्ते में कीमत ₹100 से ज़्यादा गिरी हो, और अनुमान या महीने का औसत भी इससे सहमत हो","<strong>सस्ता हो रहा है:</strong> एक हफ़्ते में भाव ₹100 से ज़्यादा गिरा हो, और अनुमान या महीने का औसत भी यही दिखाए",112,115,False,True,True
methRulePricier,full,how-we-know-strings.js,how-we-know.html,How we call a trend,sentence,how-we-know.html: sentence in a card/banner/panel,"<strong>Getting pricier:</strong> price has climbed more than ₹100 in a week, and the estimate or monthly average agrees","<strong>कीमत बढ़ना:</strong> एक हफ्ते में कीमत ₹100 से ज़्यादा बढ़ी हो, और अनुमान या महीने का औसत भी इससे सहमत हो","<strong>महंगा हो रहा है:</strong> एक हफ़्ते में भाव ₹100 से ज़्यादा बढ़ा हो, और अनुमान या महीने का औसत भी यही दिखाए",113,115,False,True,True
methRuleSteady,full,how-we-know-strings.js,how-we-know.html,How we call a trend,sentence,how-we-know.html: sentence in a card/banner/panel,"<strong>Steady:</strong> everything else — movement within ₹100 either way, or the two checks disagree","<strong>स्थिर:</strong> बाकी सभी मामले — ₹100 के अंदर घट-बढ़, या दोनों जांच आपस में असहमत हों","<strong>स्थिर:</strong> बाक़ी सब मामले — ₹100 के अंदर घट-बढ़, या दोनों जांच एक-दूसरे से न मिलें",93,95,False,True,True
methNextDayRangeHeading,full,how-we-know-strings.js,how-we-know.html,Next trading day range,heading,how-we-know.html: section heading,Next trading day range,अगले कारोबारी दिन की रेंज,अगले कारोबारी दिन की रेंज,25,25,False,False,True
methEstimateLabel,full,how-we-know-strings.js,how-we-know.html,Next trading day range,label,how-we-know.html: button/label/card text,22K estimate,22K अनुमान,22 कैरेट अनुमान,10,15,False,True,True
methRangeSub,full,how-we-know-strings.js,how-we-know.html,Next trading day range,sentence,how-we-know.html: sentence in a card/banner/panel,Right {times} so far: ₹{low} – ₹{high},अब तक लगभग 10 में से {n} बार सही: ₹{low} – ₹{high},अब तक लगभग 10 में से {n} बार सही: ₹{low} – ₹{high},50,50,True,False,True
methRangeSub,n=null,how-we-know-strings.js,how-we-know.html,Next trading day range,sentence,how-we-know.html: sentence in a card/banner/panel,Right {times} so far: ₹{low} – ₹{high},रेंज: ₹{low} – ₹{high},रेंज: ₹{low} – ₹{high},22,22,True,False,True
methMethodLabel,full,how-we-know-strings.js,how-we-know.html,Next trading day range,label,how-we-know.html: button/label/card text,Method,तरीका,तरीक़ा,5,6,False,True,True
methAssumeNoChange,full,how-we-know-strings.js,how-we-know.html,Next trading day range,short label,how-we-know.html: short label/chip,Assume no change,कोई बदलाव न मानें,कोई बदलाव न मानना,17,17,False,True,True
methNextFixModel,full,how-we-know-strings.js,how-we-know.html,Next trading day range,sentence,how-we-know.html: sentence in a card/banner/panel,World prices after the official rate,आधिकारिक दर के बाद की दुनिया की कीमतें,आधिकारिक भाव के बाद दुनिया के भाव,38,33,False,True,True
methNextFixModelSub,full,how-we-know-strings.js,how-we-know.html,Next trading day range,sentence,how-we-know.html: sentence in a card/banner/panel,how gold and the rupee moved since India's rate was last set,भारत की दर तय होने के बाद सोना और रुपया कितना बदले,भारत का भाव तय होने के बाद सोना और रुपया कितना बदले,50,51,False,True,True
methNextFixHold,full,how-we-know-strings.js,how-we-know.html,Next trading day range,short label,how-we-know.html: short label/chip,Latest official rate,सबसे ताज़ा आधिकारिक दर,सबसे ताज़ा आधिकारिक भाव,22,23,False,True,True
methNextFixHoldSub,full,how-we-know-strings.js,how-we-know.html,Next trading day range,sentence,how-we-know.html: sentence in a card/banner/panel,our best guess until the world prices after it are in,इसके बाद की दुनिया की कीमतें आने तक यही हमारा सबसे अच्छा अंदाज़ा है,इसके बाद के दुनिया के भाव आने तक यही हमारा सबसे अच्छा अंदाज़ा है,67,64,False,True,True
methNextFixStrong,full,how-we-know-strings.js,how-we-know.html,Next trading day range,sentence,how-we-know.html: sentence in a card/banner/panel,"For the next official rate, we use world prices",अगली आधिकारिक दर के लिए हम दुनिया की कीमतें देखते हैं,अगले आधिकारिक भाव के लिए हम दुनिया के भाव देखते हैं,53,51,False,True,True
methNextFixP,full,how-we-know-strings.js,how-we-know.html,Next trading day range,sentence,how-we-know.html: sentence in a card/banner/panel,"India's official rate is set once each afternoon, but gold and the rupee keep trading worldwide until late at night. We use that later move to estimate the next rate. Tested on {n} days it had not seen: off by ₹{modelMae}/g on average, against ₹{flatMae}/g for ""no change"" ({pct}% closer). For a week or more ahead, ""no change"" is still the best we have.","भारत की आधिकारिक दर रोज़ दोपहर एक बार तय होती है, पर सोना और रुपया देर रात तक दुनिया भर में बिकते-खरीदे जाते हैं। हम उस बाद के बदलाव से अगली दर का अंदाज़ा लगाते हैं। {n} ऐसे दिनों पर जांचा जो इसने पहले नहीं देखे थे: औसतन ₹{modelMae}/ग्राम का फ़र्क, जबकि ""कोई बदलाव नहीं"" मानने पर ₹{flatMae}/ग्राम ({pct}% बेहतर)। एक हफ़्ते या उससे आगे के लिए ""कोई बदलाव नहीं"" ही अभी सबसे अच्छा है।","भारत का आधिकारिक भाव रोज़ दोपहर में एक बार तय होता है, पर सोना और रुपया देर रात तक दुनिया भर में बिकते-ख़रीदे जाते हैं। उस बाद की चाल से हम अगले भाव का अनुमान लगाते हैं। ऐसे {n} दिनों पर जांचा जो इसने पहले नहीं देखे थे: औसतन ₹{modelMae}/ग्राम का फ़र्क़, जबकि ""कोई बदलाव नहीं"" मानने पर ₹{flatMae}/ग्राम ({pct}% बेहतर)। एक हफ़्ते या उससे आगे के लिए ""कोई बदलाव नहीं"" ही अभी हमारे पास सबसे अच्छा अंदाज़ा है।",380,403,True,True,True
methDirectionOn,full,how-we-know-strings.js,how-we-know.html,Next trading day range,sentence,how-we-know.html: sentence in a card/banner/panel,On — for the next price move only,चालू — सिर्फ़ अगले बदलाव के लिए,चालू — सिर्फ़ अगली चाल के लिए,31,29,False,True,True
methDirectionOnSub,full,how-we-know-strings.js,how-we-know.html,Next trading day range,sentence,how-we-know.html: sentence in a card/banner/panel,"right {right} of {n} times, against {upRight} for ""gold usually rises""","{n} में से {right} बार सही, जबकि ""सोना आमतौर पर बढ़ता है"" {upRight} बार","{n} में से {right} बार सही, जबकि ""सोना आम तौर पर बढ़ता है"" वाला अंदाज़ा {upRight} बार सही रहा",71,93,True,True,True
methDirectionOnNote,full,how-we-know-strings.js,how-we-know.html,Next trading day range,sentence,how-we-know.html: sentence in a card/banner/panel,"We show whether the next move is more likely up or down, with its chance, only while it keeps beating ""gold usually rises"" on days it has not seen — we re-check this every few hours. It is not advice to buy or sell; that would need a much stronger record.","हम यह तभी दिखाते हैं कि अगला बदलाव ऊपर या नीचे होने की संभावना ज़्यादा है, जब तक यह नए दिनों पर ""सोना आमतौर पर बढ़ता है"" से बेहतर रहता है — इसे हर कुछ घंटों में दोबारा जांचा जाता है। यह ख़रीदने या बेचने की सलाह नहीं है।","हम यह तभी दिखाते हैं कि अगली चाल ऊपर की ओर होने की संभावना ज़्यादा है या नीचे की, और कितनी — जब तक यह नए दिनों पर ""सोना आम तौर पर बढ़ता है"" वाले अंदाज़े से बेहतर रहता है; इसे हर कुछ घंटों में दोबारा जांचा जाता है। यह ख़रीदने या बेचने की सलाह नहीं है; उसके लिए इससे कहीं मज़बूत रिकॉर्ड चाहिए।",219,291,False,True,True
methCoversMoves,full,how-we-know-strings.js,how-we-know.html,Next trading day range,sentence,how-we-know.html: sentence in a card/banner/panel,Covers most of the usual day-to-day moves,ज़्यादातर सामान्य रोज़ाना घट-बढ़ को कवर करता है,रोज़ की ज़्यादातर आम घट-बढ़ इसमें आ जाती है,47,43,False,True,True
methTargetLine,full,how-we-know-strings.js,how-we-know.html,Next trading day range,short label,how-we-know.html: short label/chip,Target: {date},लक्ष्य समय: {date},किस दिन के लिए: {date},18,22,True,True,True
methNextDayExplainer,full,how-we-know-strings.js,how-we-know.html,Next trading day range,sentence,how-we-know.html: sentence in a card/banner/panel,"This is just for the next reading, not several days out — based on how much the price has typically moved by the next check over our last 30 test runs. (The ""moves about ±₹X over 5 days"" note on the main page is a separate, longer-range estimate.)","यह सिर्फ़ अगली रीडिंग के लिए है, कई दिन आगे के लिए नहीं — पिछले 30 टेस्ट रन में अगली रीडिंग तक कीमत आमतौर पर कितनी बदली, उस पर आधारित है। (मुख्य पेज वाला ""5 दिनों में करीब ±₹X"" वाला नोट एक अलग, लंबे समय का अनुमान है।)","यह सिर्फ़ अगले भाव के लिए है, कई दिन आगे के लिए नहीं — हमारे पिछले 30 टेस्ट में अगली जांच तक भाव आम तौर पर कितना बदला, उस पर आधारित है। (मुख्य पेज का ""5 दिनों में करीब ±₹X"" वाला नोट एक अलग, लंबे समय का अनुमान है।)",217,213,False,True,True
methDirectionHeading,full,how-we-know-strings.js,how-we-know.html,Direction signal,heading,how-we-know.html: section heading,Direction signal,दिशा का संकेत,ऊपर या नीचे का संकेत,13,20,False,True,True
methStatusLabel,full,how-we-know-strings.js,how-we-know.html,Direction signal,label,how-we-know.html: button/label/card text,Status,स्थिति,स्थिति,6,6,False,False,True
methDirectionOff,full,how-we-know-strings.js,how-we-know.html,Direction signal,short label,how-we-know.html: short label/chip,Off — not yet reliable,बंद — अभी भरोसेमंद नहीं,बंद — अभी भरोसे लायक़ नहीं,23,26,False,True,True
methDirectionSub,full,how-we-know-strings.js,how-we-know.html,Direction signal,sentence,how-we-know.html: sentence in a card/banner/panel,"no model beats ""gold usually rises"" yet","""सोना आमतौर पर बढ़ता है"" वाले अंदाज़े को अभी कोई मॉडल मात नहीं दे पाया","""सोना आम तौर पर बढ़ता है"" वाले अंदाज़े को अभी कोई मॉडल मात नहीं दे पाया",70,71,False,True,True
methDirectionNote,full,how-we-know-strings.js,how-we-know.html,Direction signal,sentence,how-we-know.html: sentence in a card/banner/panel,"We test our price-direction models every week. So far, none of them beat just assuming ""gold usually goes up"" — so we don't show a chance-of-rising percentage or tell you to buy or sell. The trend labels on the main page (Getting cheaper/pricier/Steady) describe what already happened this week — they're not a prediction of what happens next.","हम हर हफ्ते अपने दिशा-संकेत मॉडल टेस्ट करते हैं। अभी तक कोई भी सिर्फ़ ""सोना आमतौर पर बढ़ता है"" मान लेने से बेहतर नहीं निकला — इसलिए हम बढ़ने की संभावना वाला प्रतिशत नहीं दिखाते, न ही ख़रीदने-बेचने को कहते हैं। मुख्य पेज पर दिए गए ट्रेंड लेबल (कीमत घटना/बढ़ना/स्थिर) बताते हैं कि इस हफ्ते क्या हुआ — यह आगे क्या होगा, इसका अंदाज़ा नहीं है।","हम हर हफ़्ते भाव के ऊपर-नीचे जाने का अंदाज़ा लगाने वाले अपने मॉडल जांचते हैं। अभी तक कोई भी सिर्फ़ ""सोना आम तौर पर बढ़ता है"" मान लेने से बेहतर नहीं निकला — इसलिए हम बढ़ने की संभावना का प्रतिशत नहीं दिखाते, और ख़रीदने-बेचने को भी नहीं कहते। मुख्य पेज के ट्रेंड लेबल (सस्ता हो रहा है / महंगा हो रहा है / स्थिर) बताते हैं कि इस हफ़्ते क्या हो चुका है — वे आगे क्या होगा, इसका अंदाज़ा नहीं हैं।",338,390,False,True,True
methDirectionUnavailable,full,how-we-know-strings.js,how-we-know.html,Direction signal,sentence,how-we-know.html: sentence in a card/banner/panel,Direction signal unavailable this cycle.,इस बार दिशा का संकेत उपलब्ध नहीं है।,इस बार ऊपर-नीचे का संकेत उपलब्ध नहीं है।,36,40,False,True,True
methHowAccurateHeading,full,how-we-know-strings.js,how-we-know.html,How accurate is this,heading,how-we-know.html: section heading,How accurate is this?,यह कितना सटीक है?,यह कितना सही है?,17,16,False,True,True
methAccurateP1Strong,full,how-we-know-strings.js,how-we-know.html,How accurate is this,sentence,how-we-know.html: sentence in a card/banner/panel,We assume tomorrow's price is about the same as today's,हम मानते हैं कि कल की कीमत आज जैसी ही रहेगी,हम मानते हैं कि कल का भाव आज जैसा ही रहेगा,43,42,False,True,True
methAccurateP1,full,how-we-know-strings.js,how-we-know.html,How accurate is this,sentence,how-we-know.html: sentence in a card/banner/panel,"Gold prices are hard to predict even a few days out — every model we tried did worse than simply guessing ""no change."" Tested over {n} time windows from 2022–2026:<br>&bull; Guessing ""no change"" was off by ₹{naiveMae}/g on average<br>{chronosBullet}So ""no change"" is what we go with.","सोने की कीमत का कुछ दिन आगे का अंदाज़ा लगाना भी मुश्किल है — हमने जितने भी मॉडल आज़माए, वे सब सिर्फ़ ""कोई बदलाव नहीं"" मान लेने से भी कमज़ोर निकले। 2022–2026 के बीच {n} टाइम विंडो पर टेस्ट किया गया:<br>&bull; ""कोई बदलाव नहीं"" मानने पर औसतन ₹{naiveMae}/ग्राम का फ़र्क़ आया<br>{chronosBullet}इसलिए हम ""कोई बदलाव नहीं"" वाला अंदाज़ा ही इस्तेमाल करते हैं।","सोने के भाव का कुछ दिन आगे का अंदाज़ा लगाना भी मुश्किल है — हमने जितने भी मॉडल आज़माए, सब सिर्फ़ ""कोई बदलाव नहीं"" मान लेने से भी कमज़ोर निकले। 2022–2026 के बीच {n} अलग-अलग समय-खंडों पर टेस्ट किया गया:<br>&bull; ""कोई बदलाव नहीं"" मानने पर औसतन ₹{naiveMae}/ग्राम का फ़र्क़ आया<br>{chronosBullet}इसलिए हम ""कोई बदलाव नहीं"" वाला अंदाज़ा ही रखते हैं।",349,343,True,True,True
methAccurateP1ChronosBullet,full,how-we-know-strings.js,how-we-know.html,How accurate is this,sentence,how-we-know.html: sentence in a card/banner/panel,&bull; Our AI model was off by ₹{chronosMae}/g — {maePctWorse}% worse (p&thinsp;{pValOp}&thinsp;{pValText})<br>,&bull; हमारे AI मॉडल में ₹{chronosMae}/ग्राम का फ़र्क़ आया — {maePctWorse}% ज़्यादा ख़राब (p&thinsp;{pValOp}&thinsp;{pValText})<br>,&bull; हमारे AI मॉडल में ₹{chronosMae}/ग्राम का फ़र्क़ आया — {maePctWorse}% ज़्यादा ग़लत (p&thinsp;{pValOp}&thinsp;{pValText})<br>,131,130,True,True,True
methRangeStrFallback,full,how-we-know-strings.js,how-we-know.html,How accurate is this,short label,how-we-know.html: short label/chip,the current range,मौजूदा रेंज,मौजूदा,11,6,False,True,True
methAccurateP2Strong,full,how-we-know-strings.js,how-we-know.html,How accurate is this,sentence,how-we-know.html: sentence in a card/banner/panel,Our {rangeStr} range has been right {coverageText},हमारी {rangeStr} रेंज {coverageText},हमारी रेंज ({rangeStr}) {coverageText},36,38,True,True,True
methAccurateP2CoveragePct,full,how-we-know-strings.js,how-we-know.html,How accurate is this,sentence,how-we-know.html: sentence in a card/banner/panel,{pct}% of the time (checked {n} times so far),अब तक {pct}% बार सही रही है (अब तक {n} बार जांची गई),{pct}% बार सही रही है (अब तक {n} बार जांची गई),52,46,True,True,True
methAccurateP2CoverageUnknown,full,how-we-know-strings.js,how-we-know.html,How accurate is this,sentence,how-we-know.html: sentence in a card/banner/panel,close to on target so far — still building a track record,अब तक लगभग लक्ष्य के अनुसार रही है — अभी इसका रिकॉर्ड बन रहा है,अब तक लगभग सही रही है — रिकॉर्ड अभी बन रहा है,63,45,False,True,True
methAccurateP2,full,how-we-know-strings.js,how-we-know.html,How accurate is this,sentence,how-we-know.html: sentence in a card/banner/panel,"It's based on just the last 30 test runs, so it's a small sample. We narrowed this range in July 2026 after realizing it had been sized for 5-day moves but only ever checked against next-day prices — so the percentage above may look better than it really is for a while, until enough checks have happened under the corrected, narrower range. We'll call it fully proven once that settles.","यह सिर्फ़ पिछले 30 टेस्ट रन पर आधारित है, तो यह एक छोटा सैंपल है। जुलाई 2026 में हमने इस रेंज को छोटा किया, यह पता चलने के बाद कि यह 5-दिन के बदलाव के हिसाब से बनाई गई थी लेकिन हमेशा अगले-दिन की कीमतों के हिसाब से जांची जाती थी — इसलिए ऊपर दिया गया प्रतिशत कुछ समय तक असल से बेहतर दिख सकता है, जब तक कि सही, छोटी रेंज के तहत काफ़ी जांच न हो जाए। जब यह स्थिर हो जाएगा, तब हम इसे पूरी तरह सही मानेंगे।","यह सिर्फ़ पिछले 30 टेस्ट पर आधारित है, इसलिए नमूना छोटा है। जुलाई 2026 में हमने इस रेंज को छोटा किया, क्योंकि पता चला कि इसे 5 दिन की चाल के हिसाब से बनाया गया था पर हमेशा अगले दिन के भाव से जांचा जाता था — इसलिए ऊपर का प्रतिशत कुछ समय तक असल से बेहतर दिख सकता है, जब तक सुधारी हुई, छोटी रेंज पर काफ़ी जांच न हो जाएं। जब यह टिक जाएगा, तब हम इसे पूरी तरह पक्का मानेंगे।",399,368,False,True,True
methAccurateP3Strong,full,how-we-know-strings.js,how-we-know.html,How accurate is this,sentence,how-we-know.html: sentence in a card/banner/panel,About the direction signal,दिशा के संकेत के बारे में,ऊपर-नीचे के संकेत के बारे में,25,29,False,True,True
methAccurateP3,full,how-we-know-strings.js,how-we-know.html,How accurate is this,sentence,how-we-know.html: sentence in a card/banner/panel,"Our AI was right {dirAllDisplay} of the time across {n} test windows. But gold has historically risen far more often than it's fallen — so just guessing ""up"" every time would score close to as well, with no model needed. We don't claim any edge here. The Getting cheaper/pricier labels on the main page come from the recent 7-day trend, not from this AI.","हमारा AI {n} टेस्ट विंडो में {dirAllDisplay} बार सही निकला। लेकिन सोना इतिहास में गिरने से कहीं ज़्यादा बार बढ़ा है — तो बिना किसी मॉडल के हर बार सिर्फ़ ""बढ़ेगा"" कहने पर भी लगभग उतना ही सही होगा। हम यहां कोई बढ़त होने का दावा नहीं करते। मुख्य पेज पर दिए गए ""कीमत घटना/बढ़ना"" वाले लेबल हाल के 7-दिन के ट्रेंड से आते हैं, इस AI से नहीं।","हमारा AI {n} टेस्ट में {dirAllDisplay} बार सही निकला। लेकिन सोना इतिहास में गिरने से कहीं ज़्यादा बार बढ़ा है — इसलिए बिना किसी मॉडल के हर बार सिर्फ़ ""बढ़ेगा"" कहने पर भी लगभग उतना ही सही निकलता। हम यहां किसी बढ़त का दावा नहीं करते। मुख्य पेज के ""सस्ता / महंगा हो रहा है"" वाले लेबल हाल के 7 दिन के ट्रेंड से आते हैं, इस AI से नहीं।",334,330,True,True,True
methAccurateP4Strong,full,how-we-know-strings.js,how-we-know.html,How accurate is this,short label,how-we-know.html: short label/chip,What would change this,यह कब बदलेगा,इसमें बदलाव कब होगा,12,19,False,True,True
methAccurateP4,full,how-we-know-strings.js,how-we-know.html,How accurate is this,sentence,how-we-know.html: sentence in a card/banner/panel,"If gold started moving up and down more evenly (not mostly up), or if a model started reliably beating the ""gold usually rises"" guess in testing, we'd turn this back on. We'll update this section if that happens.","अगर सोना ऊपर-नीचे ज़्यादा बराबर मात्रा में होने लगे (सिर्फ़ बढ़ने के बजाय), या कोई मॉडल टेस्टिंग में ""सोना आमतौर पर बढ़ता है"" वाले अंदाज़े को लगातार मात देने लगे, तो हम इसे फिर से चालू करेंगे। ऐसा होने पर हम इस सेक्शन को अपडेट करेंगे।","अगर सोना ऊपर-नीचे ज़्यादा बराबरी से चलने लगे (ज़्यादातर बढ़ने के बजाय), या कोई मॉडल टेस्ट में ""सोना आम तौर पर बढ़ता है"" वाले अंदाज़े को लगातार मात देने लगे, तो हम इसे फिर चालू करेंगे। ऐसा होने पर हम यह हिस्सा अपडेट करेंगे।",234,222,False,True,True
methDriftHeading,full,how-we-know-strings.js,how-we-know.html,Estimate accuracy drift,heading,how-we-know.html: section heading,Estimate accuracy — last 7 days,अनुमान की सटीकता — पिछले 7 दिन,अनुमान कितना सही रहा — पिछले 7 दिन,30,34,False,True,True
methRecentError,full,how-we-know-strings.js,how-we-know.html,Estimate accuracy drift,short label,how-we-know.html: short label/chip,Recent avg. error,हाल की औसत त्रुटि,हाल की औसत ग़लती,17,16,False,True,True
methHistoricalError,full,how-we-know-strings.js,how-we-know.html,Estimate accuracy drift,short label,how-we-know.html: short label/chip,Historical avg. error,ऐतिहासिक औसत त्रुटि,पहले की औसत ग़लती,19,17,False,True,True
methAccuracyDrift,full,how-we-know-strings.js,how-we-know.html,Estimate accuracy drift,short label,how-we-know.html: short label/chip,Accuracy drift,सटीकता में बदलाव,सही रहने में बदलाव,16,18,False,True,True
ratioOnTrack,full,how-we-know-strings.js,how-we-know.html,Estimate accuracy drift,short label,how-we-know.html: short label/chip,on track,ठीक चल रहा है,ठीक चल रहा है,13,13,False,False,True
ratioWatch,full,how-we-know-strings.js,how-we-know.html,Estimate accuracy drift,short label,how-we-know.html: short label/chip,watch,नज़र रखनी होगी,नज़र रखनी होगी,14,14,False,False,True
ratioRetrain,full,how-we-know-strings.js,how-we-know.html,Estimate accuracy drift,short label,how-we-know.html: short label/chip,retraining recommended,दोबारा ट्रेनिंग की सलाह,दोबारा ट्रेनिंग की सलाह,23,23,False,False,True
ratioRetrainSub,full,how-we-know-strings.js,how-we-know.html,Estimate accuracy drift,sentence,how-we-know.html: sentence in a card/banner/panel,may need recalibration,दोबारा कैलिब्रेशन की ज़रूरत हो सकती है,इसे फिर से ठीक करने की ज़रूरत हो सकती है,38,40,False,True,True
methBandAccuracyHeading,full,how-we-know-strings.js,how-we-know.html,Band accuracy (measured),heading,how-we-know.html: section heading,Band accuracy (measured),,रेंज कितनी सही रही (नापा हुआ),0,29,False,True,False
methBandAccuracyText,full,how-we-know-strings.js,how-we-know.html,Band accuracy (measured),sentence,how-we-know.html: sentence in a card/banner/panel,"The real price has landed within about ₹{amount}/gram of the displayed estimate {pct}% of the time so far (n={n} weeks measured, as of {asOf}).",,"असली भाव अब तक {pct}% बार दिखाए गए अनुमान से करीब ₹{amount}/ग्राम के अंदर रहा है ({n} हफ़्ते नापे गए, {asOf} तक)।",0,113,True,True,False
methBandAccuracyUnknown,full,how-we-know-strings.js,how-we-know.html,Band accuracy (measured),sentence,how-we-know.html: sentence in a card/banner/panel,No measurement in the last 14 days — the next weekly re-check will refresh this.,,पिछले 14 दिनों में कोई माप नहीं हुआ — अगली साप्ताहिक जांच इसे अपडेट कर देगी।,0,76,False,True,False
